accession,title,organism,n_samples,date,has_pub,type,platform,summary,query
GSE30335,Genomic Signatures for Pesticide Exposure in Latino Farmworkers,Homo sapiens,40,2019/12/31,False,Expression profiling by array,570,"we tested the hypothesis that differential gene expression in whole blood will reveal candidate blood biomarkers for exposure to agricultural pesticides and herbicides. blood gene expression in male latino farmworkers, where chronic pesticide exposure is occupational, was compared to blood gene expression in age and gender matched latino manual workers. we identified an expression signature for farmwork, differential expression in genes that correlated with levels of urinary pesticide metabolites, alterations in axonal guidance pathways and statistical models that link farmworker differential expression to parkinson's disease.",Parkinson's disease AND control AND GPL570
GSE103099,Helper-dependent CAV-2 vector-mediated LRRK2G2019S expression in the M. murinus brain induces Parkinson's disease-like histological lesions and motor symptoms,Homo sapiens; Microcebus murinus,59,2018/03/01,True,Expression profiling by array,570,this superseries is composed of the subseries listed below.,Parkinson's disease AND control AND GPL570
GSE102709,Gene expression changes in the midbrain of Microcebus murinus induced by Canine adenovirus type 2 (CAV-2),Microcebus murinus; Homo sapiens,19,2018/03/01,True,Expression profiling by array,570,"parkinson disease (pd) is a neurodegenerative disease primarily associated with impaired movement affecting elderly people. to improve the understanding of the pathogenesis and to develop new therapies, we have developed a non-human primate model of pd using the lemurian microcebus murinus (mim). in this study, we tested the potential of canine adenovirus type 2 (cav-2) as vector for gene transfer in the mim brain by analyzing the gene expression changes in three regions involved in motor control: striatum, frontal cortex and midbrain. the cav-2 viruses were injected in the right striatum of young adult females, 2 years old. cav-2 vectors preferentially transduce neurons in the primate brain and were carried by axonal transport to afferent structures in both hemispheres. the gene expression changes were analyzed at 2 critical times after infection by cav-2: an acute time effect at 24h and a delayed time effect at 28 days post infection. in addition, the gene expression was compared in the ipsilateral side versus the contralateral side, and with a non-infected brain samples using human affymetrix microarrays. the transcriptomic data were analyzed by significance analysis of microarrays (sam) to identify genes differentially expressed when comparing brain samples in the 3 conditions. the data were also analyzed by anova one way and by principal component analysis (pca). the results have shown that the transduction of cav2 in neurons induced specific changes. these changes differed during the immediate and the long-term-point. gene expression changes were detected in transcriptional regulation, in synaptic transmission, in cellular trafficking and in immune response. more precisely, in the short term, cav2 activated genes involved in a non-specific innate immune response. in the long term, cav2 induced an adaptive tolerant immune response. gene expression changes in the midbrain of microcebus murinus induced by canine adenovirus type 2 (cav-2)",Parkinson's disease AND control AND GPL570
GSE102708,Gene expression changes in the frontal cortex of Microcebus murinus induced by Canine adenovirus type 2 (CAV-2),Homo sapiens; Microcebus murinus,20,2018/03/01,True,Expression profiling by array,570,"parkinson disease (pd) is a neurodegenerative disease primarily associated with impaired movement affecting elderly people. to improve the understanding of the pathogenesis and to develop new therapies, we have developed a non-human primate model of pd using the lemurian microcebus murinus (mim). in this study, we tested the potential of canine adenovirus type 2 (cav-2) as vector for gene transfer in the mim brain by analyzing the gene expression changes in three regions involved in motor control: striatum, frontal cortex and midbrain. the cav-2 viruses were injected in the right striatum of young adult females, 2 years old. cav-2 vectors preferentially transduce neurons in the primate brain and were carried by axonal transport to afferent structures in both hemispheres. the gene expression changes were analyzed at 2 critical times after infection by cav-2: an acute time effect at 24h and a delayed time effect at 28 days post infection. in addition, the gene expression was compared in the ipsilateral side versus the contralateral side, and with a non-infected brain samples using human affymetrix microarrays. the transcriptomic data were analyzed by significance analysis of microarrays (sam) to identify genes differentially expressed when comparing brain samples in the 3 conditions. the data were also analyzed by anova one way and by principal component analysis (pca). the results have shown that the transduction of cav2 in neurons induced specific changes. these changes differed during the immediate and the long-term-point. gene expression changes were detected in transcriptional regulation, in synaptic transmission, in cellular trafficking and in immune response. more precisely, in the short term, cav2 activated genes involved in a non-specific innate immune response. in the long term, cav2 induced an adaptive tolerant immune response. gene expression changes in the frontal cortex of microcebus murinus induced by canine adenovirus type 2 (cav-2)",Parkinson's disease AND control AND GPL570
GSE102640,Gene expression changes in the striatum of Microcebus murinus induced by Canine adenovirus type 2 (CAV-2),Homo sapiens; Microcebus murinus,20,2018/03/01,True,Expression profiling by array,570,"parkinson disease (pd) is a neurodegenerative disease primarily associated with impaired movement affecting elderly people. to improve the understanding of the pathogenesis and to develop new therapies, we have developed a non-human primate model of pd using the lemurian microcebus murinus (mim). in this study, we tested the potential of canine adenovirus type 2 (cav-2) as vector for gene transfer in the mim brain by analyzing the gene expression changes in three regions involved in motor control: striatum, frontal cortex and midbrain. the cav-2 viruses were injected in the right striatum of young adult females, 2 years old. cav-2 vectors preferentially transduce neurons in the primate brain and were carried by axonal transport to afferent structures in both hemispheres. the gene expression changes were analyzed at 2 critical times after infection by cav-2: an acute time effect at 24h and a delayed time effect at 28 days post infection. in addition, the gene expression was compared in the ipsilateral side versus the contralateral side, and with a non-infected brain samples using human affymetrix microarrays. the transcriptomic data were analyzed by significance analysis of microarrays (sam) to identify genes differentially expressed when comparing brain samples in the 3 conditions. the data were also analyzed by anova one way and by principal component analysis (pca). the results have shown that the transduction of cav2 in neurons induced specific changes. these changes differed during the immediate and the long-term-point. gene expression changes were detected in transcriptional regulation, in synaptic transmission, in cellular trafficking and in immune response. more precisely, in the short term, cav2 activated genes involved in a non-specific innate immune response. in the long term, cav2 induced an adaptive tolerant immune response. gene expression changes in the striatum of microcebus murinus induced by canine adenovirus type 2 (cav-2)",Parkinson's disease AND control AND GPL570
GSE95427,Expression profiling of H4 cells expressing a Myc tagged aSyn construct,Homo sapiens,8,2017/07/31,False,Expression profiling by array,570,"the aim of the present study was to identify and confirm gene expression differences in control h4 cells and wt asyn expressing h4 cells, one of the cell-based models of parkinson`s disease. dna microarray gene expression was performed in two samples of control h4 cells and in two samples expressing wt asyn, along with bioinformatics analysis of retrieved data.",Parkinson's disease AND control AND GPL570
GSE99039,A blood-based gene signature characterizing Idiopathic Parkinson's disease,Homo sapiens,558,2017/05/20,True,Expression profiling by array,570,"establishing reliable biomarkers for assessing and validating clinical diagnosis at early prodromal stages of parkinson’s disease is crucial for developing therapies to slow or halt disease progression. here, we present the largest study to date using whole blood gene expression profiling from over 500 individuals to identify an 87-gene blood-based signature. our gene signature effectively differentiates between idiopathic pd patients and controls in both a validation cohort and an independent test cohort, and further highlights mitochondrial metabolism and ubiquitination/proteasomal degradation as potential pathways disrupted in parkinson’s disease.",Parkinson's disease AND control AND GPL570
GSE49036,"Evidence for immune response, axonal dysfunction and reduced endocytosis preceding Lewy body pathology in the substantia nigra in Parkinson’s disease",Homo sapiens,28,2015/05/12,True,Expression profiling by array,570,"subjects with incidental lewy body disease (ilbd) may represent the premotor stage of parkinson’s disease (pd). to identify molecular mechanisms underlying neuronal dysfunction and alpha--synuclein pathology in the premotor phase of pd, we investigated the transcriptome of post-mortem substantia nigra (sn) of ilbd, pd donors and age-matched controls with braak alpha--synuclein stage ranging from 0-6. in braak alpha--synuclein stages 1 and 2, we observed deregulation of pathways linked to axonal degeneration, unfolded protein response (upr), immune response and endocytosis, including axonal guidance signaling, protein kinase a signaling, mtor signaling, eif2 signaling and clathrin-mediated endocytosis. in braak stages 3 and 4, we observed a deregulation in pathways involved in protein translation and cell survival, including mtor and eif2 signaling. in braak stages 5 and 6, we observed deregulation of pathways such as dopaminergic signaling, axonal guidance signaling and thrombin signaling. throughout the progression of pd pathology, we observed a deregulation of mtor, eif2 and regulation of eif4 and p70s6k signaling in the sn. this implicates that molecular mechanisms related to upr, axonal dysfunction, endocytosis and immune response are an early event in pd pathology, and may hold the key to altering the disease progression in pd.",Parkinson's disease AND control AND GPL570
GSE30643,Expression data from parietal cortex of G114V genetic Creutzfeldt-Jakob disease patient,Homo sapiens,2,2013/07/01,False,Expression profiling by array,570,"the familial or genetic creutzfeldt-jakob disease (fcjd or gcjd) is the inherent form of human prion diseases, which accounts for approximately 10-15% of human prion diseases that are caused by mutations of the prion protein gene (prnp). in this study, the global expression patterns of the parietal cortex from a patient with g114v gcjd were comparatively analyzed with the normal controls by using a commercial human genome expression chip. totally 8774 genes showed differential expression, among them 2769 genes were upregulated and 6005 ones were downregulated. the reliability of the results was confirmed by the real-time rt-pcr assays for several specific genes. the most differentially expressed genes involved in the functions of regulation of transcription, ion transport, transcription, cell adhesion, signal transduction. the gene associated with gliosis was upregulated and the genes marked for neurons were downregulated, while the transcription of prnp gene maintained unchanged. 169 different pathways showed significantly changed in the brain of g114v gcjd. the most significantly regulated pathways included that of alzheimer’s and parkinson’s disease, oxidative phosphorylation, regulation of actin cytoskeleton, mapk signaling pathway and proteasome, which were described in prion diseases previously. in addition, some rarely addressed pathways in prion diseases, such as axon guidance, gap junction and purine metabolism, were also significantly changed in g114v gcjd. the transcriptional situations of the most genes in the top ten changed pathways were down-regulated. the extensive reductions of gene expressions in g114v gcjd showed the comparable profiles with sporadic cjd. the data here raised the useful clues for understanding the pathogenesis of the disease and selecting the potential biomarkers for diagnostic and therapeutic tools.",Parkinson's disease AND control AND GPL570
GDS4141,Alzheimer's disease: induced pluripotent stem cells with Presenilin 2 mutation (N141),Homo sapiens,4,2011/09/10,True,Expression profiling by array,570,"analysis of 2 ipsc clones with presenilin 2 (ps2) mutation n141, established by retroviral transduction of fibroblasts from a familial alzheimer’s disease (fad) patient. ps2 mutations are causative factors for autosomal-dominant early-onset fad. results provide insight into molecular basis of fad.",Parkinson's disease AND control AND GPL570
GSE29773,Gene Expression Data for Generation of isogenic pluripotent stem cells differing exclusively at two early onset Parkinson point mutations,Homo sapiens,12,2011/07/26,True,Expression profiling by array,13695,"patient-specific induced pluripotent stem cells (ipscs) derived from somatic cells provide a unique tool for the study of human disease in disease relevant cells, as well as a promising source for cell replacement therapies for degenerative diseases. however one of the crucial limitations before realizing the full promise of this “disease in a dish” approach has been the inability to do controlled experiments under genetically defined conditions. this is particularly relevant for disorders with long latency periods, such as parkinson’s disease (pd), where in vitro phenotypes of patient-derived ipscs are predicted to be subtle and susceptible to significant epistatic effects of genetic background variations. by combining zinc-finger nuclease (zfn)-mediated genome editing and ipsc technology we provide a generally applicable solution to this key problem by generating isogenic pairs of disease and control human embryonic stem cells (hescs) and hipscs lines that differ exclusively at a susceptibility variant for pd by modifying a single point mutation (a53t) in the α-synuclein gene. the robust capability to genetically correct disease causing point mutations in patient-derived hipscs represents not only a significant progress for basic biomedical research but also a major advancement towards hipsc-based cell replacement therapies using autologous cells.",Parkinson's disease AND control AND GPL570
GSE24598,The human nose harbours a niche of olfactory ecto-mesenchymal stem cells displaying neurogenic and osteogenic properties,Homo sapiens,29,2010/10/08,True,Expression profiling by array,96;570,"we previously identified multipotent stem cells within the lamina propria of the human olfactory mucosa, located in the nasal cavity. we also demonstrated that this cell type differentiates into neural cells and improves locomotor behavior after transplantation in a rat model of parkinson’s disease. yet, next to nothing is known about their specific stemness characteristics. we therefore devised a study aiming to compare olfactory lamina propria stem cells from 4 individuals to bone marrow mesenchymal stem cells from 4 age- and gendermatched individuals. using pangenomic microarrays and immunostaining with 34 cell surface marker antibodies, we show here that olfactory stem cells are closely related to bone marrow stem cells. however, olfactory stem cells exhibit also singular traits. by means of techniques such as proliferation assay, cdna microarrays, rt-pcr, in vitro and in vivo differentiation, we report that, when compared to bone marrow stem cells, olfactory stem cells display i) a high proliferation rate; ii) a propensity to differentiate into osseous cells and iii) a disinclination to give rise to chondrocytes and adipocytes. since peripheral olfactory stem cells originate from a neural crest-derived tissue and, as shown here, exhibit an increased expression of neural cellrelated genes, we propose to name them olfactory ecto-mesenchymal stem cells (oe-msc). further studies are now required to corroborate the therapeutic potential of oe-mscs in animal models of bone and brain diseases. keywords: cell type comparison",Parkinson's disease AND control AND GPL570
GSE20153,Expression analysis of lymphoblast cells lines in Parkinson's disease,Homo sapiens,16,2010/02/04,True,Expression profiling by array,570,genome-wide transcriptome analysis of expression changes in ebv transformed cell lines from the coriell cell repository in parkinson and control subjects.,Parkinson's disease AND control AND GPL570
GSE20146,Expression analysis of dissected GPi in Parkinson's disease,Homo sapiens,20,2010/02/04,True,Expression profiling by array,570,genome-wide transcriptome analysis of expression changes in globus pallidus interna (gpi) from parkinson's disease brain tissue versus control brain tissue.,Parkinson's disease AND control AND GPL570
GSE20141,Expression analysis of laser-dissected SNpc neurons in Parkinson's disease,Homo sapiens,18,2010/02/04,True,Expression profiling by array,570,genome-wide transcriptome analysis of expression changes in laser-dissected snpc neurons from parkinson's disease brain tissue versus control brain tissue.,Parkinson's disease AND control AND GPL570
GSE9807,Expression data from RNAi SNCA treated human neuroblastoma cell line,Homo sapiens,6,2009/02/01,True,Expression profiling by array,570,"the pre-synaptic protein α-synuclein is a key player in the pathogenesis of parkinson's disease. together with accumulation and missfolding of α-synuclein protofibrils serve as seed structures for the aggregation of numerous proteins in the cytoplasm of neuronal cells, the so-called lewy bodies. furthermore, missense mutations in the snca gene and gene multiplications lead to autosomal dominant forms of familiar pd. however, so far the exact biological role of α-synuclein in normal brain is elusive. to gain more insights into the biological function of this protein we monitored whole genome expression changes in dopaminergic neuroblastoma cells (sh-sy5y) caused by a 90% reduction of α-synuclein by rna interference. keywords: whole genome expression changes through the loss of α-synuclein",Parkinson's disease AND control AND GPL570
GSE14429,Alteration of gene expression profile in HEK293 cells treated with proteasome inhibitor epoxomicin,Homo sapiens,12,2009/01/15,True,Expression profiling by array,570,"the objective of this study is to identify the genes that are up-regulated amid proteasome dysfunction to facilitate the discovery of proteolytic pathways that are activated as a compensatory response to proteasome inhibition. proteasome is a large multi-component proteolytic complex in the cell. it is responsible for the constitutive turn-over of many cellular proteins as well as the degradation of oxidized and/or unfolded proteins. with such a fundamental role in the cell, disruption of proteasome understandably can lead to disastrous outcome. oxidative stress has been postulated as the driving mechanism for aging. oxidatively modified proteins, which usually have lost their activity, require immediate removal by proteasome to maintain normal cellular function. dysfunction of proteasome has also been linked to neuro-degenerative diseases such as alzheimer’s and parkinson’s diseases, those that are most commonly seen in aged population. there is more than one proteolytic pathway in the cell, and it has been reported that obstruction of any one of these pathways may enhance the activity of the others. proteasomal function has been found to have decreased during aging, prompting researchers to hypothesize that failure to remove oxidized proteins may play an important role in aging. it would be interesting to determine the other proteolytic pathways that are activated after proteasome inhibition by a relatively specific inhibitor epoxomicin to help understand their roles in aging processes. keywords: time course, proteasome, inhibitor, oxidative stress, epoxomicin",Parkinson's disease AND control AND GPL570
GSE7621,Expression data of substantia nigra from postmortem human brain of Parkinson's disease patients (PD),Homo sapiens,25,2007/06/14,True,Expression profiling by array,570,we used microarrays to detail the global program of gene expression underlying parkinson's disease keywords: normal versus diseased,Parkinson's disease AND control AND GPL570
GDS2821,Parkinson's disease: substantia nigra,Homo sapiens,25,2007/06/14,True,Expression profiling by array,570,"analysis of substantia nigrae from postmortem brains of patients with parkinson’s disease (pd). neurons in the substantia nigra, which produces dopamine, degenerate in pd. results provide insight into the molecular pathogenesis of pd.",Parkinson's disease AND control AND GPL570
GSE7307,Human body index - transcriptional profiling,Homo sapiens,677,2007/04/09,False,Expression profiling by array,570,"normal and diseased human tissues were profiled for gene expression using the affymetrix u133 plus 2.0 array in total 677 samples were processed , representing over 90 distinct tissue types some tissue samples were purchased from stratagene (sg), ambion (ab), and becton-dickinson (bd) keywords: human body index of gene expression",Parkinson's disease AND control AND GPL570
GSE4773,Greene-5P01NS017771-220003,Homo sapiens,21,2006/06/06,False,Expression profiling by array,570,"parkinson's disease is a prevalent neurodegenerative disorder for which there is no cure. the cause of pd symptoms is loss of dopamine neurons in the midbrain, but it is not known why these neurons die. pesticide exposure is epidemiologically associated with pd, and administration of the organic pesticide rotenone to rats recapitulates most of the behavioral, neurochemical, and neuropathological findings in pd, including specific death of dopamine neurons. we have developed an in vitro model of rotenone toxicity using a dopaminergic cell line (sk-n-mc neuroblastoma cells) that mimics many of the cellular changes seen with in vivo rotenone toxicity and with pd, such as alpha-synuclein aggregation and oxidative damage. we are currently using this simple model to explore mechanisms of dopaminergic neurodegeneration, with our ultimate goal being the discovery of novel mechanisms for dopaminergic neuroprotection in pd. we will examine gene expression profiles of cultured sk-n-mc cells at several time points during rotenone exposure to determine pathways involved in rotenone toxicity and dopaminergic degeneration. we will compare these profiles to baseline profiles of rodent dopaminergic neurons that we have already obtained, as well as to profiles of dopamine neurons from rotenone-treated rats that we will obtain in the near future. we will also compare these data to published results from sn neurons from human pd patients. this technique will not only help us to detect gene expression changes relevant to dopaminergic neurodegeneration in pd, but it will allow us to determine if the sk-n-mc system can be reliably used to screen for neuroprotective therapies for pd. we anticipate that sk-n-mc cells will show a relevant subset of the gene changes seen in dopamine neurons in vivo and that this will guide us in the sorts of mechanisms and drugs that can be screened in this system. chronic exposure to low levels of rotenone causes changes in gene expression in sk-n-mc cells that sensitize the cells to toxic insults. we also hypothesize that there are several compensatory protective pathways that are stimulated by chronic rotenone, although these pathways are ultimately ineffective at preventing damage. we anticipate that gene expression profiling of rotenone-treated cells over time will suggest several novel strategies for neuroprotective intervention. sk-n-mc cells will be grown in three different media: media only, vehicle (etoh), and rotenone (5 nm). all current experimental evidence in our lab indicates that vehicle-treated cells are indistinguishable from media-only cells. rotenone-treated cellls have a stereotypical response in culture. at one week, the only noticed change is an increase in alph-synuclein aggregation. at two weeks, evidence of increased oxidative stress appears (increased protein carbonyls and lipid peroxidation). at four weeks, the cells are markedly sensitized to oxidative challenge with h2o2. therefore, we will examine gene expression at baseline, and during 1, 2, and 4 weeks of rotenone treatment. three experiments will be performed, each lasting 4 weeks. for each experiment, three separate dishes of vehicle-treated, and rotenone-treated cells will be harvested at 1, 2, and 4 weeks (18 independent samples). untreated, media-only cells will be harvested after 1 week in vitro to serve as baseline cells. total rna will be isolated. an equal amount of rna from one dish per experiment per group will be used to compose the final samples. therefore, each independent sample will consist of rna from 3 separate experiments. this will allow us to take advantage of a pooling strategy, yet not sacrifice technical and biological replication. 21 samples will be sent to the consortium. three will be from untreated cells. nine will be vehicle-treated at 1, 2, and 4 weeks (3 each). nine will be rotenone-treated at 1, 2 , and 4 weeks (3 each). each sample will be labeled and hybridized to one affymetrix human genome u133 plus 2.0 gene chip. with assistance of the consortium, we will analyze the data using the signifiance analysis of microarrays (sam) program and self-organizing map algorithms. keywords: time-course",Parkinson's disease AND control AND GPL570
GPL570,[HG-U133_Plus_2] Affymetrix Human Genome U133 Plus 2.0 Array,Homo sapiens,176371,2003/11/07,False,,570,"affymetrix submissions are typically submitted to geo using the geoarchive method described at http://www.ncbi.nlm.nih.gov/projects/geo/info/geo_affy.html june 03, 2009: annotation table updated with netaffx build 28 june 06, 2012: annotation table updated with netaffx build 32 june 23, 2016: annotation table updated with netaffx build 35 protocol: see manufacturer's web site complete coverage of the human genome u133 set plus 6,500 additional genes for analysis of over 47,000 transcripts all probe sets represented on the genechip human genome u133 set are identically replicated on the genechip human genome u133 plus 2.0 array. the sequences from which these probe sets were derived were selected from genbank®, dbest, and refseq. the sequence clusters were created from the unigene database (build 133, april 20, 2001) and then refined by analysis and comparison with a number of other publicly available databases, including the washington university est trace repository and the university of california, santa cruz golden-path human genome database (april 2001 release). in addition, there are 9,921 new probe sets representing approximately 6,500 new genes. these gene sequences were selected from genbank, dbest, and refseq. sequence clusters were created from the unigene database (build 159, january 25, 2003) and refined by analysis and comparison with a number of other publicly available databases, including the washington university est trace repository and the ncbi human genome assembly (build 31).",Parkinson's disease AND control AND GPL570
GSM184378,Substantia nigra PD rep16,Homo sapiens,0,2007/06/14,False,,570,postmortem human substantia nigra,Parkinson's disease AND control AND GPL570
GSM184377,Substantia nigra PD rep15,Homo sapiens,0,2007/06/14,False,,570,postmortem human substantia nigra,Parkinson's disease AND control AND GPL570
GSM184376,Substantia nigra PD rep14,Homo sapiens,0,2007/06/14,False,,570,postmortem human substantia nigra,Parkinson's disease AND control AND GPL570
GSM184375,Substantia nigra PD rep13,Homo sapiens,0,2007/06/14,False,,570,postmortem human substantia nigra,Parkinson's disease AND control AND GPL570
GSM184374,Substantia nigra PD rep12,Homo sapiens,0,2007/06/14,False,,570,postmortem human substantia nigra,Parkinson's disease AND control AND GPL570
GSM184373,Substantia nigra PD rep11,Homo sapiens,0,2007/06/14,False,,570,postmortem human substantia nigra,Parkinson's disease AND control AND GPL570
GSM184372,Substantia nigra PD rep10,Homo sapiens,0,2007/06/14,False,,570,postmortem human substantia nigra,Parkinson's disease AND control AND GPL570
GSM184371,Substantia nigra PD rep9,Homo sapiens,0,2007/06/14,False,,570,postmortem human substantia nigra,Parkinson's disease AND control AND GPL570
GSM184370,Substantia nigra PD rep8,Homo sapiens,0,2007/06/14,False,,570,postmortem human substantia nigra,Parkinson's disease AND control AND GPL570
GSM184369,Substantia nigra PD rep7,Homo sapiens,0,2007/06/14,False,,570,postmortem human substantia nigra,Parkinson's disease AND control AND GPL570
GSM184368,Substantia nigra PD rep6,Homo sapiens,0,2007/06/14,False,,570,postmortem human substantia nigra,Parkinson's disease AND control AND GPL570
GSM184367,Substantia nigra PD rep5,Homo sapiens,0,2007/06/14,False,,570,postmortem human substantia nigra,Parkinson's disease AND control AND GPL570
GSM184366,Substantia nigra PD rep4,Homo sapiens,0,2007/06/14,False,,570,postmortem human substantia nigra,Parkinson's disease AND control AND GPL570
GSM184365,Substantia nigra PD rep3,Homo sapiens,0,2007/06/14,False,,570,postmortem human substantia nigra,Parkinson's disease AND control AND GPL570
GSM184364,Substantia nigra PD rep2,Homo sapiens,0,2007/06/14,False,,570,postmortem human substantia nigra,Parkinson's disease AND control AND GPL570
GSM184363,Substantia nigra PD rep1,Homo sapiens,0,2007/06/14,False,,570,postmortem human substantia nigra,Parkinson's disease AND control AND GPL570
GSE125234,Modelling G2019S-LRRK2 sporadic Parkinson’s disease in 3D midbrain organoids,Homo sapiens,4,2019/02/02,True,Expression profiling by array,6244,"recent advances in generating 3 dimensional (3d) organoid systems from stem cells offer new possibilities for disease modeling. in this study, we generate isogenic 3d midbrain organoids with or without a parkinson’s disease-associated lrrk2 g2019s mutation. lrrk2-g2019s midbrain organoids derived from lrrk2 targeted human ipscs in vitro have lrrk2-associated sporadic parkinson's disease phenotypes. midbrain-like 3d organoids expressing lrrk2-g2019s showed dynamic changes in globle gene expression.",Parkinson's disease AND control AND GPL6244
GSE99473,"SNP Genotype and Gene Expression data from induced Pluripotent Stem cells from Parkinson's Disease patients harboring mutations in the GBA1 gene, and from healthy control donors",Homo sapiens,18,2017/06/01,True,Expression profiling by array; SNP genotyping by SNP array; Genome variation profiling by SNP array,13829;10558;22678,this superseries is composed of the subseries listed below.,Parkinson's disease AND control AND GPL10558
GSE99142,"Gene expression data from induced Pluripotent Stem cells from Parkinson's Disease patients harboring mutations in the GBA1 gene, and from healthy control donors",Homo sapiens,5,2017/06/01,True,Expression profiling by array,10558,"we have generated human induced pluripotent stem cells (hipsc) using retroviral and sendai virus-mediated delivery of reprogramming factors. hipsc lines have been screened using snp array to assess chromosomal stability (alongside the fibroblast lines from which they derived), and validation of the pluripotency of the hipsc lines is provided by pluritest assessment of transcriptome datasets, prior to differentiation and downstream assays. proteomic analysis of gba1 patient-derived dopaminergic neurons reveal impeded neurite outgrowth.",Parkinson's disease AND control AND GPL10558
GSE89886,"Gene expression data from induced Pluripotent Stem cells from Parkinson's Disease patients harbouring amplification of, or mutations in the SNCA gene, and from healthy control donors",Homo sapiens,32,2016/11/16,True,Expression profiling by array; SNP genotyping by SNP array,22678;10558;21168;13829,this superseries is composed of the subseries listed below.,Parkinson's disease AND control AND GPL10558
GSE89883,"Gene expression data from induced Pluripotent Stem cells from Parkinson's Disease patients harbouring amplification of, or mutations in the SNCA gene, and from healthy control donors [gene expression]",Homo sapiens,13,2016/11/16,True,Expression profiling by array,10558,"we have generated human induced pluripotent stem cells (hipsc) using sendai virus-mediated delivery of reprogramming factors. hipsc lines have been screened using snp array to assess chromosomal stability (alongside the fibroblast lines from which they derived), and validation of the pluripotency of the hipsc lines is provided by pluritest assessment of transcriptome datasets, prior to differentiation and downstream assays. excess α-synuclein compromises phagocytosis in ipsc-derived macrophages. walther haenseler, federico zambon, heyne lee, jane vowles, federica rinaldi, galbha duggal, henry houlden, katrina gwinn, selina wray, kelvin c. luk, richard wade-martins, william s. james and sally a. cowley",Parkinson's disease AND control AND GPL10558
GSE78152,"Derivation, characterization, and neuronal differentiation of integration-free induced pluripotent stem cell lines from Parkinsons disease patients carrying SNCA, LRRK2, PARK2, and GBA mutations",Homo sapiens,8,2016/02/23,True,Expression profiling by array,10558,"analysis of whole genome expression in control and patients with parkinsons disease ipsc lines. the hypothesis tested in present study was that deficient gba, snca, lrrk2 and parkin expression can be used for disease modeling by their affects on multiple pathways. these results provide information on relationship between pd genes and mitochondria related gene expression.",Parkinson's disease AND control AND GPL10558
GSE77664,Gene expression and SNP genotype data from induced Pluripotent Stem cells from Parkinson's Disease patients harbouring G2019S mutations in the LRRK2 gene,Homo sapiens,12,2016/02/09,True,SNP genotyping by SNP array; Expression profiling by array,13829;10558,this superseries is composed of the subseries listed below.,Parkinson's disease AND control AND GPL10558
GSE77663,Gene expression data from induced Pluripotent Stem cells from Parkinson's Disease patients harbouring G2019S mutations in the LRRK2 gene,Homo sapiens,4,2016/02/09,True,Expression profiling by array,10558,"we have generated human induced pluripotent stem cells (hipsc) using retroviral virus-mediated delivery of reprogramming factors. hipsc lines have been screened using snp array to assess chromosomal stability (alongside the fibroblast lines from which they derived), and validation of the pluripotency of the hipsc lines is provided by pluritest assessment of transcriptome datasets, prior to differentiation and downstream assays. gene expression profiling in patient-derived dopamine neurons identifies candidate therapeutic molecules in parkinson’s disease.",Parkinson's disease AND control AND GPL10558
GSE54536,Involvement of endocytosis and alternative splicing in the formation of the pathological process in Parkinson's Disease,Homo sapiens,10,2014/01/31,True,Expression profiling by array,10558,we performed a whole-transcriptome analysis of the peripheral blood of untreated patients with stage 1 pd (hoehn–yahr scale).,Parkinson's disease AND control AND GPL10558
GDS5646,Early Parkinson's disease: peripheral blood,Homo sapiens,10,2014/01/31,True,Expression profiling by array,10558,"analysis of peripheral blood of untreated patients with stage 1 parkinson's disease (pd), according to the hoehn-yahr scale, and paired healthy, age- and sex-matched controls. results provide insight into molecular mechanisms underlying the initiation of the development of pd.",Parkinson's disease AND control AND GPL10558
GSE53424,Gene expression data from human fibroblasts and induced Pluripotent Stem cells from Parkinson's Disease patients,Homo sapiens,5,2013/12/18,True,Expression profiling by array,10558,"we have generated human induced pluripotent stem cells (hipsc) from parkinson's disease patients, using retrovirus-mediated delivery of reprogramming factors. hipsc lines have been screened using snp array to assess chromosomal stability (alongside the fibroblast lines from which they derived), and validation of the pluripotency of the hipsc lines is provided by pluritest assessment of transcriptome datasets, prior to differentiation to dopaminergic neuronal clutures and downstream functional assays.",Parkinson's disease AND control AND GPL10558
GSE46798,Gene expression of A53T and corrected IPSC driven to DA neurons and exposed to paraquat and maneb,Homo sapiens,12,2013/12/05,True,Expression profiling by array,10558,"parkinson disease (pd) is characterized by extensive loss of a9 dopaminergic (da) neurons in the substantia nigra pars compacta (snpc). a strong association has been reported between pd and exposure to mitochondrial toxins such as the environmental pesticides paraquat, maneb, and rotenone. here, using a robust, patient-derived, stem cell model of pd that allows comparison of -synuclein ( -syn) mutant cells and isogeneic mutation-corrected controls, we identify mitochondrial toxin-induced perturbations specific to a53t -syn mutant a9-da neurons (hns). we report a novel molecular pathway whereby basal as well as toxin-induced oxidative and nitrosative stress inhibits the mef2c-pgc1 transcription network in a53t hns compared to corrected controls, contributing to mitochondrial dysfunction and apoptotic cell death. our data provide mechanistic insight into gene-environmental interaction (gxe) in the pathogenesis of pd. furthermore, using small molecule high-throughput screening, we identify the mef2c-pgc1 pathway as a new drug target for therapeutic benefit in pd.",Parkinson's disease AND control AND GPL10558
GSE32658,Midbrain floor plate dopamine neurons from human ESCs efficiently engraft in murine and primate models of PD,Homo sapiens,72,2011/11/07,True,Expression profiling by array,10558,"human pluripotent stem cells (hpscs) are a promising source of cells for applications in regenerative medicine. directed differentiation of hpscs into specialized cells such as spinal motoneurons or midbrain dopamine (da) neurons has been achieved. however the effective use of hpscs for cell therapy has lagged far behind. while mouse psc-derived da neurons have shown efficacy in models of parkinson’s disease, da neurons derived from human pscs generally display poor in vivo performance. there are also considerable safety concerns for hpscs related to their potential for teratoma formation or neural overgrowth. here we present a novel floor plate-based strategy for the derivation of human da neurons that efficiently engraft, suggesting that past failures were due to incomplete specification rather than a specific vulnerability of the cells. midbrain floor plate precursors are derived from hpscs in days following exposure to small molecule activators of sonic hedgehog (shh) and canonical wnt signaling. engraftable midbrain da neurons are obtained by day 25 and can be maintained in vitro for several months. extensive in vitro molecular profiling, biochemical and electrophysiological data define developmental progression and confirm identity of hpsc-derived midbrain da neurons. in vivo survival and function is demonstrated in pd animal models in three host species. long-term engraftment in 6-ohda-lesioned mouse and rats demonstrates robust survival of midbrain da neurons, complete restoration of amphetamine-induced rotation behavior and improvements in tests of forelimb use and akinesia. finally, scalability is demonstrated by transplantation into parkinsonian monkeys. excellent da neuron survival, function and lack of neural overgrowth in the three animal models tested indicate considerable promise for the development of cell based therapies in pd.",Parkinson's disease AND control AND GPL10558
GSE57475,Association between alpha-synuclein blood transcripts and early Parkinson's disease,Homo sapiens,142,2015/06/01,True,Expression profiling by array,6947,"importance. biological markers of parkinson’s disease are essential for achieving disease modification. objective. to determine the association of snca blood transcript levels with prevalence of parkinson’s disease. background. the snca locus is preferentially transcribed in neurons and blood cells. non-coding genetic variants and neuronal aggregates of α-synuclein protein associate this locus with sporadic parkinson’s disease and suggest a potential role for abnormal snca transcription in the disease mechanism. here we investigated variation in intracellular snca gene expression and snca transcript isoform abundance in circulating blood cells of cases with pd and controls in a network of biobanks that represent regional, national, and international populations. design, setting, participants. three cross-sectional, case-control studies nested in observational biomarker studies. 222 cases with early-stage clinical pd and 183 controls were enrolled from 2005 to 2010 in the harvard biomarker study (hbs) at two harvard-affiliated tertiary care centers. 76 cases with dopamine transporter imaging (dat)-confirmed pd and 42 controls were enrolled between august 2007 and december 2008 in the blood α-synuclein, gene expression and smell testing as diagnostic and prognostic biomarkers in parkinson’s disease study (probe) study from 22 us tertiary care centers. 202 dat-confirmed cases with de novo pd and 138 controls were enrolled in the parkinson’s progression markers initiative (ppmi) between july 2010 and november 2012 from 22 us and international tertiary care centers. main outcome measures. association of intracellular snca transcript abundance with pd estimated on analog and digital expression platforms. results. reduced levels of snca transcripts were associated with early-stage clinical pd, neuroimaging-confirmed pd, and untreated, neuroimaging-confirmed pd in accessible, peripheral blood cells from a total of 863 individuals. snca expression was reduced by 17%, 22%, and 16% in cases compared to controls in the hbs, probe, and ppmi study with p values of 0.004, 0.025, and 0.018, respectively, after adjusting for clinical, hematological, and processing covariates. specific snca transcripts with long 3’ untranslated regions (utr) and those skipping exon 5 are implicated in the accumulation and mitochondrial targeting of α-synuclein protein in parkinson’s pathology. these transcript isoforms were linked to pd through digital expression analysis. individuals in the lowest quartile of snca expression values had covariate-adjusted odds ratios for pd of 2.14 (95% c. i. 1.1-4.1), 4.5 (95% c. i. 1.3-15), and 2.1 (1.1-4.0) compared to individuals in the highest quartile of expression values in the hbs, probe, and ppmi study, respectively. conclusions and relevance. reduced levels of snca expression, particularly of disease-relevant transcripts with extended 3’ utr or exon 5 skipping, are associated with early-stage pd. these findings support a potential role for snca as a transcriptional marker of pd and may have implications for patient stratification and risk assessment.",Parkinson's disease AND control AND GPL6947
GSE33434,The transcription factor nurr1 exerts concentration-dependent effects on target genes mediating distinct biological processes,Homo sapiens,9,2012/01/01,True,Expression profiling by array,6947,"the transcription factor nurr1 plays a pivotal role in the development and maintenance of neurotransmitter phenotype in midbrain dopamine neurons. conversely, decreased nurr1 expression is associated with a number of dopamine-related cns disorders, including parkinson’s disease and drug addiction. in order to better understand the nature of nurr1-responsive genes and their potential roles in dopamine neuron differentiation and survival, we used a neural cellular background in which to generate a number of stable clonal lines with graded nurr1 gene expression that approximated that seen in da cell-rich human substantia nigra. gene expression profiling data from these nurr1-expressing clonal lines were validated by quantitative rt-pcr and subjected to bioinformatic analyses. the present study identified a large number of nurr1-responsive genes and demonstrated the potential importance of concentration-dependent nurr1 effects in the differential regulation of distinct nurr1 target genes and biological pathways. these data support the promise of nurr1-based cns therapeutics for the neuroprotection and/or functional restoration of da neurons.",Parkinson's disease AND control AND GPL6947
GSE20186,Systematic meta-analysis and replication of genome-wide expression studies of Parkinson's disease,Homo sapiens,69,2011/02/03,True,Expression profiling by array,96;6947,this superseries is composed of the subseries listed below.,Parkinson's disease AND control AND GPL6947
GSE20159,Systematic meta-analysis and replication of genome-wide expression studies of Parkinson's disease: 1,Homo sapiens,33,2011/01/20,True,Expression profiling by array,6947,"systematic meta-analysis and replication of genome-wide expression studies identifies molecular pathways of parkinson’s disease. snap-frozen human substantia nigras (sns) of 16 individuals with a clinicopathological diagnosis of incidental lewy body (ilb) disease with lewy bodies detected in the brainstem nuclei of locus coeruleus and substantia nigra, but generally not in higher cortical regions consistent with braak stage 3 criteria for parkinson's disease (pd), and 17 age-, sex-, postmortem interval-, and rna integrity number-matched controls, who were clinicopathologically within normal limits for age collected under the rapid-autopsy program of sun health research institute or by the harvard brain tissue resource center at mclean hospital, were used for gene expression analyses in stage 2. protocols were approved by the institutional review board of brigham and women’s hospital.",Parkinson's disease AND control AND GPL6947
GSE25580,Examination of impact of pathogenic mutations in LRRK2 upon gene expression in patient fibroblasts and HEK cells,Homo sapiens,56,2010/12/03,True,Expression profiling by array,6104;6947,analysis of global gene expression changes due to the induction of wt or mutant lrrk2 expression,Parkinson's disease AND control AND GPL6947
GSM1192718,Braak α-synuclein stages 5-6 BR56_8SN,Homo sapiens,0,2015/05/12,False,,570,substantia nigra,Parkinson's disease AND substantia nigra AND GPL570
GSM1192717,Braak α-synuclein stages 5-6 BR56_7SN,Homo sapiens,0,2015/05/12,False,,570,substantia nigra,Parkinson's disease AND substantia nigra AND GPL570
GSM1192716,Braak α-synuclein stages 5-6 BR56_6SN,Homo sapiens,0,2015/05/12,False,,570,substantia nigra,Parkinson's disease AND substantia nigra AND GPL570
GSM1192715,Braak α-synuclein stages 5-6 BR56_5SN,Homo sapiens,0,2015/05/12,False,,570,substantia nigra,Parkinson's disease AND substantia nigra AND GPL570
GSM1192714,Braak α-synuclein stages 5-6 BR56_4SN,Homo sapiens,0,2015/05/12,False,,570,substantia nigra,Parkinson's disease AND substantia nigra AND GPL570
GSM1192713,Braak α-synuclein stages 5-6 BR56_3SN,Homo sapiens,0,2015/05/12,False,,570,substantia nigra,Parkinson's disease AND substantia nigra AND GPL570
GSM1192712,Braak α-synuclein stages 5-6 BR56_2SN,Homo sapiens,0,2015/05/12,False,,570,substantia nigra,Parkinson's disease AND substantia nigra AND GPL570
GSM1192711,Braak α-synuclein stages 5-6 BR56_1SN,Homo sapiens,0,2015/05/12,False,,570,substantia nigra,Parkinson's disease AND substantia nigra AND GPL570
GSM1192710,Braak α-synuclein 3-4 BR34_7SN,Homo sapiens,0,2015/05/12,False,,570,substantia nigra,Parkinson's disease AND substantia nigra AND GPL570
GSM1192709,Braak α-synuclein 3-4 BR34_6SN,Homo sapiens,0,2015/05/12,False,,570,substantia nigra,Parkinson's disease AND substantia nigra AND GPL570
GSM1192708,Braak α-synuclein 3-4 BR34_5SN,Homo sapiens,0,2015/05/12,False,,570,substantia nigra,Parkinson's disease AND substantia nigra AND GPL570
GSM1192707,Braak α-synuclein 3-4 BR34_4SN,Homo sapiens,0,2015/05/12,False,,570,substantia nigra,Parkinson's disease AND substantia nigra AND GPL570
GSM1192706,Braak α-synuclein 3-4 BR34_3SN,Homo sapiens,0,2015/05/12,False,,570,substantia nigra,Parkinson's disease AND substantia nigra AND GPL570
GSM1192705,Braak α-synuclein 3-4 BR34_2SN,Homo sapiens,0,2015/05/12,False,,570,substantia nigra,Parkinson's disease AND substantia nigra AND GPL570
GSM1192704,Braak α-synuclein 3-4 BR34_1SN,Homo sapiens,0,2015/05/12,False,,570,substantia nigra,Parkinson's disease AND substantia nigra AND GPL570
GSM503967,PD-5476-SNc,Homo sapiens,0,2010/02/04,False,,570,substantia nigra pars compacta,Parkinson's disease AND substantia nigra AND GPL570
GSM503966,PD-5138-SNc,Homo sapiens,0,2010/02/04,False,,570,substantia nigra pars compacta,Parkinson's disease AND substantia nigra AND GPL570
GSM503965,PD-3803p-SNc,Homo sapiens,0,2010/02/04,False,,570,substantia nigra pars compacta,Parkinson's disease AND substantia nigra AND GPL570
GSM503964,PD-3790p-SNc,Homo sapiens,0,2010/02/04,False,,570,substantia nigra pars compacta,Parkinson's disease AND substantia nigra AND GPL570
GSM503963,PD-3769p-SNc,Homo sapiens,0,2010/02/04,False,,570,substantia nigra pars compacta,Parkinson's disease AND substantia nigra AND GPL570
GSM503962,PD-2525-SNc,Homo sapiens,0,2010/02/04,False,,570,substantia nigra pars compacta,Parkinson's disease AND substantia nigra AND GPL570
GSM503961,PD-2515p-SNc,Homo sapiens,0,2010/02/04,False,,570,substantia nigra pars compacta,Parkinson's disease AND substantia nigra AND GPL570
GSM503960,PD-1647-SNc,Homo sapiens,0,2010/02/04,False,,570,substantia nigra pars compacta,Parkinson's disease AND substantia nigra AND GPL570
GSM503959,PD-1401-SNc,Homo sapiens,0,2010/02/04,False,,570,substantia nigra pars compacta,Parkinson's disease AND substantia nigra AND GPL570
GSM503958,PD-1364-SNc,Homo sapiens,0,2010/02/04,False,,570,substantia nigra pars compacta,Parkinson's disease AND substantia nigra AND GPL570
GSM176457,Substantia Nigra Reticulata 3 Disease,Homo sapiens,0,2007/04/09,False,,570,male/female; normal/diseased,Parkinson's disease AND substantia nigra AND GPL570
GSM176406,Substantia Nigra Reticulata 2 Disease,Homo sapiens,0,2007/04/09,False,,570,male/female; normal/diseased,Parkinson's disease AND substantia nigra AND GPL570
GSM176405,Substantia Nigra Pars Compacta 3 Disease,Homo sapiens,0,2007/04/09,False,,570,male/female; normal/diseased,Parkinson's disease AND substantia nigra AND GPL570
GSE7179,Comparison of gene expression data between wild-type and DM1-affected undifferentiated hES cells.,Homo sapiens,9,2010/02/24,True,Expression profiling by array,570,"analysis of genes that were differentially expressed in mutant vub03_dm1 as compared to controls vub01 and sa01 undifferentiated hes cells embryonic stem (es) cell lines provide, theoretically, unlimited access to any needed amount of any specific cell phenotype of an organism, due to their unique capacities at indefinite self-renewal and pluripotency (smith 2001; trounson 2006). these properties allow using the progeny of es cell lines to model human pathologies (martinat, shendelman et al. 2004; lerou and daley 2005; ben-nun and benvenisty 2006). in particular, human es cell lines derived from embryos characterized as gene-carriers following pre-implantation genetic diagnosis (pgd) for any one of major monogenic diseases (pickering, minger et al. 2005; mateizel, de temmerman et al. 2006) may be considered as perfect cellular replicas of those diseases, as they exhibit the exact genotypes associated to them. here, we confirm this hypothesis by demonstrating that the cell progeny of an es cell line derived from an embryo with myotonic dystrophy type 1 (dm1) displayed the morphological stigma associated to the expression of the mutant gene –so-called intranuclear foci- as well as abnormal alternate splicing of the insulin receptor, a characteristic feature of dm1. further differential transcriptomic analysis of the dm1 gene-carrying cells with phenotypically similar populations from native es cell lines revealed abnormal expression of 89 genes, among which 48 were down-regulated and 39 over-expressed. this study demonstrates that dm1, though a disease with relatively late clinical onset, is associated with expression of genetic defects early on during development. it underlines the value of pgd-derived es cell lines as a tool to decipher molecular mechanisms of genetic diseases. ben-nun, i. f. and n. benvenisty (2006). human embryonic stem cells as a cellular model for human disorders. mol cell endocrinol 252(1-2): 154-9. lerou, p. h. and g. q. daley (2005). therapeutic potential of embryonic stem cells. blood rev 19(6): 321-31. martinat, c., s. shendelman, et al. (2004). sensitivity to oxidative stress in dj-1-deficient dopamine neurons: an es- derived cell model of primary parkinsonism. plos biol 2(11): e327. mateizel, i., n. de temmerman, et al. (2006). derivation of human embryonic stem cell lines from embryos obtained after ivf and after pgd for monogenic disorders. hum reprod 21(2): 503-11. pickering, s. j., s. l. minger, et al. (2005). generation of a human embryonic stem cell line encoding the cystic fibrosis mutation deltaf508, using preimplantation genetic diagnosis. reprod biomed online 10(3): 390-7. smith, a. g. (2001). embryo-derived stem cells: of mice and men. annu rev cell dev biol 17: 435-62. trounson, a. (2006). the production and directed differentiation of human embryonic stem cells. endocr rev 27(2): 208-19. keywords: disease state analysis",Parkinson's disease AND blood AND GPL570
GSE7178,Comparison of gene expression data between wild-type and DM1-affected Neural Precursors Cells (NPC),Homo sapiens,9,2010/02/24,True,Expression profiling by array,570,"analysis of genes that were differentially expressed in mutant vub03_dm1 as compared to controls vub01 and sa01 neural precursor cells embryonic stem (es) cell lines provide, theoretically, unlimited access to any needed amount of any specific cell phenotype of an organism, due to their unique capacities at indefinite self-renewal and pluripotency (smith 2001; trounson 2006). these properties allow using the progeny of es cell lines to model human pathologies (martinat, shendelman et al. 2004; lerou and daley 2005; ben-nun and benvenisty 2006). in particular, human es cell lines derived from embryos characterized as gene-carriers following pre-implantation genetic diagnosis (pgd) for any one of major monogenic diseases (pickering, minger et al. 2005; mateizel, de temmerman et al. 2006) may be considered as perfect cellular replicas of those diseases, as they exhibit the exact genotypes associated to them. here, we confirm this hypothesis by demonstrating that the cell progeny of an es cell line derived from an embryo with myotonic dystrophy type 1 (dm1) displayed the morphological stigma associated to the expression of the mutant gene –so-called intranuclear foci- as well as abnormal alternate splicing of the insulin receptor, a characteristic feature of dm1. further differential transcriptomic analysis of the dm1 gene-carrying cells with phenotypically similar populations from native es cell lines revealed abnormal expression of 89 genes, among which 48 were down-regulated and 39 over-expressed. this study demonstrates that dm1, though a disease with relatively late clinical onset, is associated with expression of genetic defects early on during development. it underlines the value of pgd-derived es cell lines as a tool to decipher molecular mechanisms of genetic diseases. ben-nun, i. f. and n. benvenisty (2006). human embryonic stem cells as a cellular model for human disorders. mol cell endocrinol 252(1-2): 154-9. lerou, p. h. and g. q. daley (2005). therapeutic potential of embryonic stem cells. blood rev 19(6): 321-31. martinat, c., s. shendelman, et al. (2004). sensitivity to oxidative stress in dj-1-deficient dopamine neurons: an es- derived cell model of primary parkinsonism. plos biol 2(11): e327. mateizel, i., n. de temmerman, et al. (2006). derivation of human embryonic stem cell lines from embryos obtained after ivf and after pgd for monogenic disorders. hum reprod 21(2): 503-11. pickering, s. j., s. l. minger, et al. (2005). generation of a human embryonic stem cell line encoding the cystic fibrosis mutation deltaf508, using preimplantation genetic diagnosis. reprod biomed online 10(3): 390-7. smith, a. g. (2001). embryo-derived stem cells: of mice and men. annu rev cell dev biol 17: 435-62. trounson, a. (2006). the production and directed differentiation of human embryonic stem cells. endocr rev 27(2): 208-19. keywords: disease state analysis",Parkinson's disease AND blood AND GPL570
GSE7177,Comparison of gene expression data between wild-type and DM1-affected Mesodermal Precursors Cells (MPC),Homo sapiens,9,2010/02/24,True,Expression profiling by array,570,"analysis of genes that were differentially expressed in mutant vub03_dm1 as compared to controls vub01 and sa01 mesodermal precursors cells. embryonic stem (es) cell lines provide, theoretically, unlimited access to any needed amount of any specific cell phenotype of an organism, due to their unique capacities at indefinite self-renewal and pluripotency (smith 2001; trounson 2006). these properties allow using the progeny of es cell lines to model human pathologies (martinat, shendelman et al. 2004; lerou and daley 2005; ben-nun and benvenisty 2006). in particular, human es cell lines derived from embryos characterized as gene-carriers following pre-implantation genetic diagnosis (pgd) for any one of major monogenic diseases (pickering, minger et al. 2005; mateizel, de temmerman et al. 2006) may be considered as perfect cellular replicas of those diseases, as they exhibit the exact genotypes associated to them. here, we confirm this hypothesis by demonstrating that the cell progeny of an es cell line derived from an embryo with myotonic dystrophy type 1 (dm1) displayed the morphological stigma associated to the expression of the mutant gene –so-called intranuclear foci- as well as abnormal alternate splicing of the insulin receptor, a characteristic feature of dm1. further differential transcriptomic analysis of the dm1 gene-carrying cells with phenotypically similar populations from native es cell lines revealed abnormal expression of 89 genes, among which 48 were down-regulated and 39 over-expressed. this study demonstrates that dm1, though a disease with relatively late clinical onset, is associated with expression of genetic defects early on during development. it underlines the value of pgd-derived es cell lines as a tool to decipher molecular mechanisms of genetic diseases. ben-nun, i. f. and n. benvenisty (2006). human embryonic stem cells as a cellular model for human disorders. mol cell endocrinol 252(1-2): 154-9. lerou, p. h. and g. q. daley (2005). therapeutic potential of embryonic stem cells. blood rev 19(6): 321-31. martinat, c., s. shendelman, et al. (2004). sensitivity to oxidative stress in dj-1-deficient dopamine neurons: an es- derived cell model of primary parkinsonism. plos biol 2(11): e327. mateizel, i., n. de temmerman, et al. (2006). derivation of human embryonic stem cell lines from embryos obtained after ivf and after pgd for monogenic disorders. hum reprod 21(2): 503-11. pickering, s. j., s. l. minger, et al. (2005). generation of a human embryonic stem cell line encoding the cystic fibrosis mutation deltaf508, using preimplantation genetic diagnosis. reprod biomed online 10(3): 390-7. smith, a. g. (2001). embryo-derived stem cells: of mice and men. annu rev cell dev biol 17: 435-62. trounson, a. (2006). the production and directed differentiation of human embryonic stem cells. endocr rev 27(2): 208-19. keywords: disease state analysis",Parkinson's disease AND blood AND GPL570
GSE14711,Parkinson’s disease patient-derived induced pluripotent stem cells free of viral reprogramming factors,Homo sapiens,11,2009/03/06,True,Expression profiling by array,570,"induced pluripotent stem cells (ipscs) derived from somatic cells of patients by viral vector-mediated factor transduction represent a powerful tool for biomedical research and may provide a source for cell replacement therapies. however, the proviruses encoding the reprogramming factors represent a major limitation of the current technology because even low vector expression may alter the differentiation potential of the ipscs and induce malignant transformation. here we show that fibroblasts from five patients with idiopathic parkinson’s disease (pd) can be efficiently reprogrammed into hipscs and subsequently differentiated into dopaminergic neurons. moreover, we derived pd specific hipscs free of reprogramming factors using cre-recombinase excisable viruses. upon factor deletion these cells maintain a pluripotent state and intact karyotype. importantly, these factor-free hipscs show a global gene expression profile, which is more closely related to hescs than to hipscs carrying the transgenes. our results indicate that residual transgene expression in conventional virus-carrying hipscs can affect their molecular characteristics and that factor-free hipscs therefore represent a more suitable source of cells for modeling of human disease.",Parkinson's disease AND blood AND GPL570
GSM505623,ND 06449 Pm,Homo sapiens,0,2010/02/04,False,,570,lymphoblasts,Parkinson's disease AND blood AND GPL570
GSM505617,ND 04424 Pm,Homo sapiens,0,2010/02/04,False,,570,lymphoblasts,Parkinson's disease AND blood AND GPL570
GSM505607,ND 04158 Pf,Homo sapiens,0,2010/02/04,False,,570,lymphoblasts,Parkinson's disease AND blood AND GPL570
GSM505606,ND 03432 Pf,Homo sapiens,0,2010/02/04,False,,570,lymphoblasts,Parkinson's disease AND blood AND GPL570
GSM505314,ND 02852 Pm,Homo sapiens,0,2010/02/04,False,,570,lymphoblasts,Parkinson's disease AND blood AND GPL570
GSM505313,ND 02579 Pm,Homo sapiens,0,2010/02/04,False,,570,lymphoblasts,Parkinson's disease AND blood AND GPL570
GSM505312,ND 01737 Pf,Homo sapiens,0,2010/02/04,False,,570,lymphoblasts,Parkinson's disease AND blood AND GPL570
GSM505308,ND 01173 Pf,Homo sapiens,0,2010/02/04,False,,570,lymphoblasts,Parkinson's disease AND blood AND GPL570
GSM367258,iPS PDB 2lox-17,Homo sapiens,0,2009/03/06,False,,570,virus-carrying human induced pluripotent stem cells (hipsc),Parkinson's disease AND blood AND GPL570
GSM367245,iPS PDB 2lox-21,Homo sapiens,0,2009/03/06,False,,570,virus-carrying human induced pluripotent stem cells (hipsc),Parkinson's disease AND blood AND GPL570
GSM367244,iPS PDB 2lox-22,Homo sapiens,0,2009/03/06,False,,570,virus-carrying human induced pluripotent stem cells (hipsc),Parkinson's disease AND blood AND GPL570
GSM367243,iPS PDB 2lox-5,Homo sapiens,0,2009/03/06,False,,570,virus-carrying human induced pluripotent stem cells (hipsc),Parkinson's disease AND blood AND GPL570
GSM367242,iPS PDB 1lox-21Puro-26,Homo sapiens,0,2009/03/06,False,,570,factor-free human induced pluripotent stem cells (hipsc),Parkinson's disease AND blood AND GPL570
GSM367241,iPS PDB 1lox-21Puro-20,Homo sapiens,0,2009/03/06,False,,570,factor-free human induced pluripotent stem cells (hipsc),Parkinson's disease AND blood AND GPL570
GSM367240,iPS PDB 1lox-17Puro-10,Homo sapiens,0,2009/03/06,False,,570,factor-free human induced pluripotent stem cells (hipsc),Parkinson's disease AND blood AND GPL570
GSM367219,iPS PDB 1lox-17Puro-5,Homo sapiens,0,2009/03/06,False,,570,factor-free human induced pluripotent stem cells (hipsc),Parkinson's disease AND blood AND GPL570
GPL10558,Illumina HumanHT-12 V4.0 expression beadchip,Homo sapiens,105827,2010/06/17,False,,10558,"the humanht-12 v4 expression beadchip provides high throughput processing of 12 samples per beadchip without the need for expensive, specialized automation. the beadchip is designed to support flexible usage across a wide-spectrum of experiments. the updated content on the humanht-12 v4 expression beadchips provides more biologically meaningful results through genome-wide transcriptional coverage of well-characterized genes, gene candidates, and splice variants. each array on the humanht-12 v4 expression beadchip targets more than 31,000 annotated genes with more than 47,000 probes derived from the national center for biotechnology information reference sequence (ncbi) refseq release 38 (november 7, 2009) and other sources. please use the geo data submission report plug-in v1.0 for gene expression which may be downloaded from https://icom.illumina.com/icom/software.ilmn?id=234 to format the normalized and raw data. these should be submitted as part of a geoarchive. instructions for assembling a geoarchive may be found at http://www.ncbi.nlm.nih.gov/projects/geo/info/spreadsheet.html october 11, 2012: annotation table updated with humanht-12_v4_0_r2_15002873_b.txt protocol: see manufacturer's website",Parkinson's disease AND blood AND GPL10558
GSM1318551,RNA pool from PD patients 1-5,Homo sapiens,0,2014/01/31,False,,10558,peripheral blood,Parkinson's disease AND blood AND GPL10558
GSM1318550,PD patient 4,Homo sapiens,0,2014/01/31,False,,10558,peripheral blood,Parkinson's disease AND blood AND GPL10558
GSM1318549,PD patient 3,Homo sapiens,0,2014/01/31,False,,10558,peripheral blood,Parkinson's disease AND blood AND GPL10558
GSM1318548,PD patient 2,Homo sapiens,0,2014/01/31,False,,10558,peripheral blood,Parkinson's disease AND blood AND GPL10558
GSM1318547,PD patient 1,Homo sapiens,0,2014/01/31,False,,10558,peripheral blood,Parkinson's disease AND blood AND GPL10558
GSE99253,Human iPSC-derived dopaminergic neurons function in primate Parkinson’s disease models,Homo sapiens,14,2017/08/21,True,Expression profiling by array,6244,"induced pluripotent stem cells (ipscs) are a promising source for cell-based therapy to treat parkinson's disease (pd), in which midbrain dopaminegic (da) neurons progressively degenerate. however, long-term analysis of human ipsc-derived da neurons in primate pd models has never been performed. here we show that da progenitor cells derived from ipscs of both healthy individuals and pd patients survived well in the brains of pd model primates and improved animal behavior. magnetic resonance and positron emission tomography were useful to monitor the survival and function of the da neurons. score-based and video-recording analyses revealed an increase in spontaneous movement of the monkeys after transplantation. histological studies showed that the mature da neurons extended dense neurites into the host striatum. in addition, we never observed tumor formation for two years. thus, this preclinical study using primate models indicates that human ipsc-derived da progenitors are clinically applicable to treat pd patients.",Parkinson's disease AND brain AND GPL6244
GSE51214,Isolation of human iPSC-derived dopaminergic progenitors by cell sorting,Homo sapiens,20,2014/03/07,True,Expression profiling by array,6244,"human induced pluripotent stem cells (ipscs) can provide a promising source of midbrain dopaminergic (da) neurons for cell replacement therapy for parkinson’s disease. however, ipsc-derived donor cells may inevitably contain tumorigenic or inappropriate cells. purification of neural progenitor cells or da neurons as suitable donor cells has been attempted, but the isolation of da progenitor cells derived from human pluripotent stem cells has so far been unsuccessful. here we show human ipsc-derived da progenitor cells can be efficiently isolated by cell sorting using a floor plate marker, corin. we were able to develop a method for 1) scalable da neuron induction on human laminin fragment and 2) sorting da progenitor cells using an anti-corin antibody. furthermore, we determined the optimal timing for the cell sorting and transplantation. the grafted cells survived well and functioned as midbrain da neurons in the 6-ohda-lesioned rats, and showed minimal risk of tumor formation. the sorting of corin-positive cells is favorable in terms of both safety and efficiency, and our protocol will contribute to the clinical application of human ipscs for parkinson’s disease.",Parkinson's disease AND brain AND GPL6244
GSE29774,Generation of isogenic pluripotent stem cells differing exclusively at two early onset Parkinson point mutations,Homo sapiens,18,2011/07/26,True,Genome variation profiling by SNP array; Expression profiling by array,6801;13695,this superseries is composed of the subseries listed below.,SNCA AND Parkinson AND GPL570
