accession,title,organism,n_samples,date,has_pub,type,summary,query
GSE291150,Neural Crest Cell Signatures Drive TSC and LAM Tumorigenesis,Mus musculus,7,2026/03/03,False,Expression profiling by high throughput sequencing,"This study was performed to test the hypothesis that neural crest cells (NCCs) are causative cells for multi-systemic neoplasms occurring in Tuberous Sclerosis Complex (TSC) and Lymphangioleiomyomatosis (LAM) disorders. The hypothesis stemmed from the mesenchymal phenotypes of TSC and LAM neoplasms and their occurrence in patients at known ontogenetic destinations for maturing neural crest cells. We determined differential gene expression between single cell populations in wildtype mice renal cortical tissues versus renal cystadenomas of the tuberous sclerosis mice model by RNA sequencing, and validated our findings by immunohistochemistry, RT-qPCR, western blots, and tumorigenicity assays. Based on our results, we pioneer the characterization of cranial NCC-induced tumorigenesis in TSC and LAM and identify the crucial role of novel neurocristopathic markers: secreted phosphoprotein (SPP1) and cytokeratin 18 (Krt18) in disease pathogenesis. Genetic inhibition of Spp1 yields an anti-tumorigenic phenotypes in NCCs.",tuberous sclerosis AND gene expression
GSE315738,Effect of GBA1 deficiency in human iPSC-derived dopaminergic neurons and astrocytes,Homo sapiens,54,2026/01/10,False,Expression profiling by high throughput sequencing,"Mutations in the gene glucosidase, beta acid 1 (GBA1) are the strongest genetic risk factor for Parkinson’s disease (PD) and associate with faster disease progression. GBA1 is expressed in all cell types of the central nervous system, with some evidence supporting higher expression in glial cells than neurons. To elucidate possible divergent functions in neurons versus glia, we differentiated human iPSCs generated from an individual with PD heterozygous for the GBA1 pathogenic null variant IVS2+1 (GBA1IVS/+),Mutations in the gene glucosidase, beta acid 1 (GBA1) are the strongest genetic risk factor for Parkinson’s disease (PD) and associate with faster disease progression. GBA1 is expressed in all cell types of the central nervous system, with some evidence supporting higher expression in glial cells than neurons. To elucidate possible divergent functions in neurons versus glia, we generated human iPSCs from fibroblasts from an individual with PD carrying the GBA1 c.115+1 G>A, also known as IVS2+1 G>A variant (GBA1IVS/+). This intronic GBA1 variant is associated with severe neuronopathic Gaucher’s disease and interrupts the canonical splice site following exon 2, leading to nonsense mediated decay and is therefore considered a null allele. An isogenic GBA1+/+ Rev control was generated by CRISPR/Cas9 genome editing to revert the GBA1 IVS2+1 G>A variant back to wildtype, and in the genome editing process, an iPSC clone homozygous for GBA1 IVS2+1 G>A was also generated (GBA1IVS/IVS). A matched control iPSC clone that remained unedited after CRISPR/Cas9 genome editing, maintaining heterozygosity for GBA1 IVS2+1 G>A, was also isolated (GBA1IVS/+ A4).Transcriptomic analysis of GBA1-deficient neurons and astrocytes revealed cell-type specific profiles. GBA1deficiency in neurons downregulated genes associated with immune response and upregulation of cholesterol synthesis, while GBA1 deficiency in astrocytes downregulated genes associated with translation and upregulated genes involved in extracellular matrix biogenesis, suggestive of gliosis. The transcriptomic profile of GBA1-deficient astrocytes was consistent with neurotoxic reactive astrocytes. Together, these findings indicate that GBA1deficiency has cell type-specific effects, where neurons have increased vulnerability to alterations in endolysosomal trafficking leading to α-synucleinopathy while GBA1 deficiency in astrocytes leads to increased neurotoxic reactivity but not impairment in endolysosomal trafficking and development of a-synuclein pathology.",Gaucher disease AND gene expression
GSE306117,Distinct genomic and immunologic tumor evolution in germline TP53-driven breast cancers,Homo sapiens,74,2026/01/01,False,Expression profiling by high throughput sequencing,"Pathogenic germline TP53 alterations cause Li-Fraumeni Syndrome (LFS), and breast cancer is the most common cancer in LFS females. We performed first of its kind multimodal analysis of LFS breast cancer (LFS-BC) compared to sporadic premenopausal BC. Nearly all LFS-BC underwent biallelic loss of TP53 with no recurrent oncogenic variants except ERBB2 (HER2) amplification. Compared to sporadic BC, in situ and invasive LFS-BC exhibited a high burden of short amplified aneuploid segments (SAAS). Pro-apoptotic p53 target genes BAX and TP53I3 failed to be up-regulated in LFS-BC as was seen in sporadic BC compared to normal breast tissue. LFS-BC had lower CD8+ T-cell infiltration compared to sporadic BC yet higher levels of proliferating cytotoxic T-cells. Within LFS-BC, progression from in situ to invasive BC was marked by an increase in chromosomal instability with a decrease in proliferating cytotoxic T-cells. Our study uncovers critical events in mutant p53-driven tumorigenesis in breast tissue.",Li-Fraumeni syndrome AND RNA-seq
GSE286949,Neuronal hyperactivity becomes mTORC1 independent due to epigenetic changes in Tuberous Sclerosis Complex [RNA-seq],Homo sapiens,96,2025/10/25,False,Expression profiling by high throughput sequencing,"Tuberous Sclerosis Complex (TSC) is caused by variants in either TSC1 or TSC2, which cooperate to inhibit the mechanistic target of rapamycin complex 1 (mTORC1). TSC is associated with neurological disorders that have been attributed to disinhibition of mTORC1, but mechanisms connecting dysregulation of mTORC1 to molecular and physiological changes in neurons remain unclear. In this study, we sought to understand transcriptional changes in TSC and identified down-regulation of the immediate early gene, EGR1, in TSC2-deficient excitatory neurons. Furthermore, we found that activity-dependent transcription is impaired in TSC due to abnormalities in epigenetic maturation. Finally, we determined that mTORC1 inhibition started late in neuronal maturation of human neurons is only partially effective in reversing gene expression changes and ineffective in reducing spontaneous neuronal hyperactivity in TSC. These data demonstrate a critical window in early brain development where mTORC1 dysregulation leads to epigenetic changes that contribute to persistent neuronal abnormalities.",tuberous sclerosis AND gene expression
GSE241596,Iron supplementation in zebrafish models of mucopolysaccharidoses type III,Danio rerio,40,2025/09/01,False,Expression profiling by high throughput sequencing,"Sanfilippo Syndrome Type B, characterized by a deficiency in N-acetylglucosaminidase (NAGLU) enzyme, represents a debilitating genetic disorder which causes childhood dementia. In this study, we employed zebrafish models carrying the naglu A603fs mutation to investigate the potential of intraperitoneal (i.p.) injection of ferric citrate to rescue whole brain transcriptomes relative to an i.p. injection of saline vehicle control. Zebrafish, aged 6 months, were either homozygous (MPS IIIB) and heterozygous (unaffected control) genotypes, and each group was subjected to either ferric citrate or saline injection. A total of 10 fish per genotype and treatment were examined via RNA-seq. Although initial findings identified sex-specific differences in inflammation pathways and regeneration which may be rescued in female samples (but not in males), the sample size of fish per genotype, sex, and treatment limited the ability to draw definitive conclusions.",mucopolysaccharidosis AND RNA-seq
GSE295548,Tumorigenic p53S Balances Aging and Tumorigenesis via Regulating DREAM/MMB and its Downstream Telomere DNA Replication Pathways,Mus musculus,15,2025/04/29,False,Expression profiling by high throughput sequencing,"The Werner Syndrome (WS) is characterized with both premature aging and tumorigenic phenotypes. We introduced a tumorigenic mutation p53S found in immortalized WS mouse embryo fibroblasts (MEFs) back into WS mice to investigate the impact of p53S in telomere dysfunction induced aging process. We found that the introduction of p53S rescued the aging phenotypes of Werner syndrome, showing as the extension of life span, and the delay of organ degeneration. Further studies revealed that the introduction of p53S transcriptionally upregulated DREAM/MMB pathway and its downstream DNA helicase and telomere maintenance proteins, and facilitated the recruitment of these proteins to G4 DNA structures and DNA replication forks, which compensated the loss of Wrn and telomerase function and solved the DNA replication, telomere lengthening, and cell proliferation problems via unwinding G4 structures, which ultimately, rescue the aging phenotypes of WS. Together, our data reveal that certain features of tumorigenesis can be applied to balance with premature aging, rescue aging phenotype without tumor risk. This study suggests a new mechanism and potential tumor-free longevity strategy in aging regulation.",Werner syndrome AND RNA-seq
GSE288965,Phenotypic rescue via mTOR inhibition in neuron-specific Pten knockout mice reveals AKT and mTORC1-site specific changes,Mus musculus,22,2025/02/14,False,Expression profiling by high throughput sequencing,"Phosphatase and Tensin Homolog (PTEN) is a dual-specific protein and lipid phosphatase that regulates AKT and downstream signaling of the mechanistic target of rapamycin (mTOR). PTEN functions as a tumor suppressor gene whose mutations result in PTEN Hamartoma Tumor Syndrome (PHTS) characterized by increased cancer risk and neurodevelopmental comorbidity. Here, we generated a novel neuron-specific Pten knock-out mouse model (Syn-Cre/Pten HOM) to test the ability of pharmacologic mTOR inhibition to rescue Pten mutation-associated disease phenotypes in vivo and in vitro. We found that treatment with the mTOR inhibitor, everolimus, increased the survival of Syn-Cre/Pten HOM mice while some neurologic phenotypes persisted. Transcriptomic analyses revealed that in contrast to mice harboring a neuron-specific deletion of the Tuberous Sclerosis Complex 2 gene (Syn-Cre/Tsc2 KO), genes that are under AKT regulation were significantly increased in the Syn-Cre/Pten HOM mice. In addition, genes associated with synapse, extracellular matrix, and myelination were broadly increased in Syn-Cre/Pten HOM mouse neocortex. These findings were confirmed by immunostaining of cortical sections in vivo, which revealed excessive immunoreactivity of myelin basic protein and perineuronal nets (PNN), the specialized extracellular matrix surrounding fast-spiking parvalbumin (PV) interneurons. We also detected increased expression of Synapsin I/PSD95 positive synapses and network hyperactivity phenotypes in Syn-Cre/Pten HOM mice neurons compared to wild-type (WT) neurons in vitro. Strikingly, everolimus treatment rescued the number of synapses and network hyperactivity in the Syn-Cre/Pten HOM mice cortical neuron cultures. Taken together, our results revealed in vivo and in vitro molecular and neuronal network mechanisms underlying neurological phenotypes of PHTS. Notably, pharmacologic mTOR inhibition by everolimus led to successful downstream signaling rescue, including mTOR complex 1 (mTORC1) site-specific suppression of S6 phosphorylation, correlating with phenotypic rescue found in our novel neuron-specific Syn-Cre/Pten HOM mice.",tuberous sclerosis AND gene expression
GSE267760,tp53 R217H and R242H Mutant Zebrafish Display Dysfunctional p53 Hallmarks and Recapitulate LFS Phenotypes [RNA-seq],Danio rerio,24,2024/05/22,False,Expression profiling by high throughput sequencing,"Li-Fraumeni syndrome (LFS) is a hereditary cancer predisposition syndrome associated with a highly penetrant and diverse tumor spectrum characterized by germline mutations in the TP53 tumor suppressor gene. To better understand how TP53 mutations predispose individuals with LFS to cancer development, we characterized tp53 R217H and R242H zebrafish lines as the first zebrafish p53 hotspot mutants (human R248 and R273H). These mutants have lost several key wildtype p53 functions and recapitulate many LFS phenotypes. Specifically, we have shown that the R217H and R242H alleles result in partial-to-no activation of key p53 target genes, are resistant to apoptosis in a dominant negative manner and exhibit a defective G1 cell-cycle checkpoint in vivo. The loss of these wildtype p53 functions predisposed the fish to develop spontaneous tumors as early as 6 months of age. Tumor histology resembles human sarcomas, a predominant LFS tumor type. tp53 R242H mutants developed tumors earlier with a higher lifetime incidence than tp53 null or R217H mutants, suggesting it is a more aggressive mutation, while the R217H allele may be hypomorphic. Additionally, we observed mutation-specific differences both in the tumor type and sex bias across tp53 null, R217H, and R242H genotypes with associated diverse transcriptomic and DNA methylome profiles, impacting metabolism, cell signalling, and biological macromolecule synthesis and degradation. These tp53 zebrafish mutants demonstrate fidelity to their human counterparts and provide new insights into underlying tumorigenesis mechanisms and kinetics, which may inform more tailored tumor surveillance approaches and novel therapeutic targets in LFS.",Li-Fraumeni syndrome AND RNA-seq
GSE248188,p21 Regulates Wnt-Notch Balance via DREAM/MMB/Rb-E2F1 and Maintains Intestinal Stem Cell Homeostasis,Mus musculus,6,2023/12/10,False,Expression profiling by high throughput sequencing,"The crosstalk and balance regulation of Wnt-Notch have been known to be essential for cell fate decision and tissue regeneration, while how the balance is maintained and how the Wnt-Notch pathways are connected with the cell cycle regulation are still not clear. In the mouse model with accelerated aging phenotypes due to the loss of cell cycle inhibitor p21 function in Werner syndrome background, we observed the imbalance of Wnt-Notch signaling, along with the fast turnover of intestinal epithelia, which might cause the abnormal mobilization of stem cells, exhaust the stem cell reservoir, and result in the accelerated aging phenotypes. We revealed that the loss of p21 caused the shift of DREAM/Rb complex to MMB/E2F1 complex and the fast turnover of intestinal epithelia. Importantly, we identified the E2F1 as the transcriptional regulator for Notch1, which connected the p21-DREAM/MMB/Rb-E2F1 pathway with Wnt-Notch pathway. The overexpression of p21 rescued the imbalance of Wnt-Notch pathway. Our data identify p21 as an important factor in maintaining sequential mobilization, proliferation, and homeostasis of intestinal stem cells.",Werner syndrome AND RNA-seq
GSE222547,AtDGCR14L contributes to salt-stress tolerance via regulating pre-mRNA splicing in Arabidopsis,Arabidopsis thaliana,17,2023/09/06,False,Expression profiling by high throughput sequencing,"In plants, pre-mRNA alternative splicing has been demonstrated to be a crucial tier that regulates gene expression in response to salt stress. However, the underlying mechanisms remain elusive. Here, we studied the roles of DIGEORGE-SYNDROME CRITICAL REGION 14-like (AtDGCR14L) in regulating pre-mRNA splicing and salt stress tolerance. We discovered that Arabidopsis AtDGCR14L is required for maintaining plant salt stress tolerance and the constitutively spliced and active isoforms of important stress- and/or abscisic acid (ABA)-responsive genes. We also identified the interaction between AtDGCR14L and splicing factor U1-70k, which needs a highly conserved three amino acid (TWG) motif in DGCR14. Different from wild-type AtDGCR14L, the overexpression of the TWG-substituted AtDGCR14L mutant did not change salt stress tolerance or pre-mRNA splicing of stress/ABA-responsive genes. Additionally, SWITCH3A (SWI3A) is a core subunit of the SWI/SUCROSE NONFERMENTING (SWI/SNF) chromatin-remodeling complexes. We found that SWI3A, whose splicing depends on AtDGCR14L, actively enhances salt stress tolerance. These results revealed that AtDGCR14L may play an essential role in crosstalk between plant salt-stress response and pre-mRNA splicing mechanisms. We also unveiled the potential role of SWI3A in controlling salt stress tolerance. The TWG motif in the intrinsically disordered region of AtDGCR14L is highly conserved and crucial for DGCR14 functions.",DiGeorge syndrome AND gene expression
GSE231603,Nf1 Deficiency Increases Mammary Collagen Deposition and Restricts Adipocyte Differentiation Before Tumor Formation,Rattus norvegicus,80,2023/05/08,False,Expression profiling by high throughput sequencing,"BACKGROUND: The NF1 tumor suppressor gene is the main negative regulator of the RAS pathway and is frequently mutated in various cancers. Women with Neurofibromatosis Type I (NF1) – a tumor predisposition syndrome caused by a germline NF1 mutation – have an increased risk of developing aggressive breast cancer with poorer prognosis. The mechanisms by which NF1 mutation leads to breast cancer tumorigenesis are not well understood. Therefore, the objective of this work was to identify stromal alterations before tumor formation that result in the increased risk and poorer outcome seen among NF1 patients with breast cancer. METHODS: To accurately model the germline monoallelic NF1 mutations in NF1 patients, we utilized an Nf1-deficient rat model with accelerated mammary development and develops highly penetrant breast cancer. RESULTS: We identified increased collagen content in Nf1-deficient rat mammary glands before tumor formation that correlated with age of tumor onset. Additionally, gene expression analysis revealed that Nf1-deficient rat mammary mature adipocytes have increased collagen expression and shifted to a fibroblast and preadipocyte expression profile. This alteration in lineage commitment was also observed with in vitro differentiation but flow cytometry analysis did not show a change mammary adipose-derived mesenchymal stem cell abundance. CONCLUSION: Collectively, these studies uncovered the previously undescribed role of Nf1 in mammary collagen deposition and regulating adipocyte differentiation. In addition to unraveling the mechanism of tumor formation, further investigation of adipocytes and collagen modifications in preneoplastic mammary gland will create a foundation for developing early detection strategies of breast cancer among NF1 patients.",neurofibromatosis AND transcriptome
GSE220963,p53 dimers elicit unique tumor suppressive activities through an altered metabolic program [RNA-seq],Mus musculus,42,2023/03/01,False,Expression profiling by high throughput sequencing,"Cancer-related alterations of the p53 Tetramerization Domain (TD) abrogate wild-type (WT) p53 function. They result in a protein that preferentially forms monomers or dimers. These are also normal p53 states under basal cellular conditions. However, their physiological relevance is not well understood. We have established in vivo models for monomeric and dimeric p53 which model Li-Fraumeni Syndrome patients with germline p53 TD alterations. p53 monomers are inactive forms of the protein. Unexpectedly, p53 dimers conferred some tumor suppression that is not mediated by canonical WT p53 activities. p53 dimers upregulate the PPAR pathway. These activities are associated with lower prevalence of thymic lymphomas and inhibition of CD8+ T-cell accumulation. Lymphomas derived from dimeric p53 mice show cooperating alterations in the PPAR pathway, further implicating a role for these activities in tumor suppression. Our data reveal novel functions for p53 dimers and support the exploration of PPAR agonists as therapies.",Li-Fraumeni syndrome AND RNA-seq
GSE213626,mTORC1 upregulates B7-H3/CD276 to inhibit antitumor T cells and drive tumor immune evasion [RNA-seq],Mus musculus,15,2023/02/08,False,Expression profiling by high throughput sequencing,"Immune checkpoints are often expressed on tumor cells; it remains a prevailing need to identify the mechanisms underlying their regulation and therapeutic benefit. The immune checkpoint molecule B7-H3 is upregulated in many human tumors, including those with high mechanistic/mammalian target of rapamycin complex (mTORC1) activity. Still, its role in tumor immunity and the impact of B7-H3-targeted therapy on the tumor immune microenvironment are largely uncharacterized in mTORC1-hyperactive tumors. Here, we used a syngeneic murine model of tuberous sclerosis complex (TSC), a model of mTORC1 hyperactivity, to assess the mechanisms by which B7-H3 remodels the tumor microenvironment. We performed gene expression profiling analysis using data generated from RNA-seq of bulk tumors from subcutaneous B7-H3 knockdown and control TSC2-deficient 105K cells or sorted tumor cells isolated by MACS mouse tumor cell isolation kit (Miltenyi Biotec).",tuberous sclerosis AND gene expression
GSE118511,GBA1 regulates the CLEAR network through Calcineurin and TFEB in cellular models of Parkinson´s disease,Homo sapiens,12,2022/12/31,False,Expression profiling by high throughput sequencing,"The GBA1 gene encodes the lysosomal enzyme acid-β-glucocerebrosidase (GCase). GBA1 mutations cause the lysosomal storage disorder Gaucher disease (GD) and are a genetic risk factor for Parkinson´s disease (PD). Many GBA1 mutations cause aberrant GCase folding and processing but how these impinge on PD pathogenesis remains unclear. We addressed GCase functions in human dopaminergic (DA) neurons derived from engineered GBA1-deficient (GBA1-/-) embryonic stem cells (hESCs) and GBA1N370S PD patient-derived induced pluripotent cells (hiPSCs). GBA1-mutant DA neurons displayed aberrant morphologies and gene expression that were rescued by recombinant GCase treatment. GBA1-/- neurons have hyperactive Calcineurin (CaN) and nuclear localization of the Transcription Factor EB (TFEB). Expression of TFEB targets and lysosomal CLEAR network components were increased in GBA1-/- DA neurons and rescued by GCase replacement and CaN inhibition. Our findings reveal a link between increased CaN activity and loss of GCase, providing a mechanism for the disturbed lysosomal/autophagy pathways in GBA1-associated PD.",Gaucher disease AND gene expression
GSE213715,"Integrating transcriptome, proteome, and phosphoproteome analysis reveals loss function of IQGAP2 promotes cell proliferation through the mTOR pathway",Homo sapiens,6,2022/09/22,False,Expression profiling by high throughput sequencing,"Tuberous sclerosis complex (TSC) is a rare genetic disease caused by abnormal of TSC1 or TSC2 gene. Our previous data deduced that IQGAP2 can be one of the genes potentially responsible for non-TSC1 or TSC2 mutation TSC patients. To investigate the pathogenesis of IQGAP2 in TSC, we performed global transcriptome, proteome, and phosphoproteome analyses and found the alter of genes related to mTOR signaling pathway in IQGAP2 knockdown cells. In addition, we found that knockdown of IQGAP2 resulted in increased cell proliferation and enhanced the phosphorylation level of AKT and S6K by functional analysis, meanwhile, the AKT and mTOR inhibitors can partially rescue cell abnormal proliferation by decreasing hyperphosphorylation. Our data revealed a potential connection between mTOR signaling pathway and aberrant cell proliferation in IQGAP2 knockdown cells, and provide a new latent therapeutic strategy for non-TSC1 or TSC2 mutation patients.",tuberous sclerosis AND gene expression
GSE205754,Bulk RNA-seq analysis of gene expression changes at 72 hpf induced by miR-34a loss,Danio rerio,6,2022/06/14,False,Expression profiling by high throughput sequencing,"Li-Fraumeni syndrome (LFS) is a disorder due to inherited mutations in the TP53 gene resulting in an increased risk of developing several types of cancer. MicroRNA miR-34a has been implicated downstream of p53 on the basis of being a direct transcriptional target and, when over-expressed, having pro-apoptotic phenotypes in cell lines. Moreover, miR-34a has been shown to be a modifier gene in the context of LFS, since its epigenetic silencing increases the likelihood of tumour development in patients with mutant TP53. However, the in vivo consequences of miR-34 loss are still unclear. For example, mice lacking all three (a,b,c) miR-34 homologs show no detectable abnormalities in p53 responses. The relative expression of different miR-34 genes in zebrafish was studied using qRT-PCR with specific assays. The miR-34a, miR-34b and miR-34c display unique onset of developmental expression and expression levels, with miR-34a being the most abundant and constant in expression. All of the miR-34 genes also showed clear induction by p53 when DNA-damaging treatments are performed. Using CRISPR-Cas9 technology, we generated a zebrafish miR-34a deletion mutant to further investigate the roles of miR-34a on its own and its association with the p53 pathway. Predictably, a miR-34a deletion mutant demonstrated absence of miR-34a, though without miR-34b and miR-34c compensation beyond baseline expression levels. Mutants survive to adulthood, show no overt phenotypes and have normal apoptotic responses to DNA-damaging irradiation or camptothecin treatments. To further explore the effects of miR-34a, we performed gene expression profiling using RNA-seq of wild-type and miR-34a deletion mutant zebrafish embryos at 72 hpf. We wanted to explore how miR-34a loss affects differentiated organs in larval zebrafish. This resulted in 389 genes UP and 374 genes DOWN at 1.5-fold change and FDR < 0.05. There was no significant enrichment of predicted miR-34a target genes among the differentially regulated genes but some interesting biological trends were found and will be described in the paper associated with this dataset.",Li-Fraumeni syndrome AND RNA-seq
GSE205752,Bulk RNA-seq analysis of gene expression changes at 8 hpf induced by miR-34a loss,Danio rerio,8,2022/06/14,False,Expression profiling by high throughput sequencing,"Li-Fraumeni syndrome (LFS) is a disorder due to inherited mutations in the TP53 gene resulting in an increased risk of developing several types of cancer. MicroRNA miR-34a has been implicated downstream of p53 on the basis of being a direct transcriptional target and, when over-expressed, having pro-apoptotic phenotypes in cell lines. Moreover, miR-34a has been shown to be a modifier gene in the context of LFS, since its epigenetic silencing increases the likelihood of tumour development in patients with mutant TP53. However, the in vivo consequences of miR-34 loss are still unclear. For example, mice lacking all three (a,b,c) miR-34 homologs show no detectable abnormalities in p53 responses. The relative expression of different miR-34 genes in zebrafish was studied using qRT-PCR with specific assays. The miR-34a, miR-34b and miR-34c display unique onset of developmental expression and expression levels, with miR-34a being the most abundant and constant in expression. All of the miR-34 genes also showed clear induction by p53 when DNA-damaging treatments are performed. Using CRISPR-Cas9 technology, we generated a zebrafish miR-34a deletion mutant to further investigate the roles of miR-34a on its own and its association with the p53 pathway. Predictably, a miR-34a deletion mutant demonstrated absence of miR-34a, though without miR-34b and miR-34c compensation beyond baseline expression levels. Mutants survive to adulthood, show no overt phenotypes and have normal apoptotic responses to DNA-damaging irradiation or camptothecin treatments. To further explore the effects of miR-34a, we performed gene expression profiling using RNA-seq of wild-type and miR-34a deletion mutant zebrafish embryos at 8 hpf. This experiment was motivated by a previous report knock-down of miR-34a in zebrafish leads to dramatic increases in expression of miR-34a target genes. We therefore expected that this experiment will help define the set of miR-34a target genes. The results of this RNA-seq experiment showed that the loss of miR-34a led to large transcriptomic effects at 8 hpf (1573 genes UP and 1679 genes DOWN at 1.5-fold change and FDR < 0.05). There was no significant enrichment of predicted miR-34a target genes among the differentially regulated genes but some interesting biological trends were found and will be described in the paper associated with this dataset.",Li-Fraumeni syndrome AND RNA-seq
GSE180338,Treatment of Novel Patient-Derived Xenograft and Cell Line Models with PI3K/AKT/mTOR Inhibitors Revealed Treatment Response Heterogeneity in NF2-Associated Schwannoma,Homo sapiens,9,2022/04/04,False,Expression profiling by high throughput sequencing,"Treatment of multiple intracranial schwannomas in patient with neurofibromatosis type 2 (NF2) is extremely unsatisfactory and innovative therapeutic approaches are urgently needed. The lack of clinically relevant NF2 models has severely hampered drug discovery in this rare disease. Here, we report for the first time the establishment and characterization of patient-derived xenograft (PDX) and cell line models of NF2-associated schwannoma, which retain the gene mutations and transcriptome profile, and recapitulate the morphological and histopathological features with the patient tumors, retain patient NF2 mutations, and maintain gene expression profiles resembling the patient tumor profiles with the preservation of multiple key signaling pathways commonly dysregulated in human schwannoma. Using expression profiling, we found that the PI3K/AKT/mTOR networks are elevated in NF2-associated vestibular schwannomas, as well as in PDX models.",neurofibromatosis AND transcriptome
GSE171474,Gene expression analysis of hiPSC-derived renal angiomyolipoma organoids,Homo sapiens,9,2021/09/10,False,Expression profiling by high throughput sequencing,"Angiomyolipomas (AMLs) are the most common renal manifestation in patients with Tuberous Sclerosis Complex. The recapitulation of AMLs experimentally has remained a challenge, precluding the study of tumor mechanisms. Here we used Next-Generation Sequencing to analyze the transcriptomes of renal organoids derived from TSC2-/-, TSC2+/- or TSC2+/+ human induced pluripotent stem cells (hiPSCs) derived from a patient diagnosed with Tuberous Sclerosis Complex. Organoids derived from TSC2-/- hiPSCs but not from isogenic TSC2+/- or TSC2+/+ hiPSCs shared a common transcriptional signature and a myomelanocytic cell phenotype with kidney AMLs.",tuberous sclerosis AND gene expression
GSE175733,Large-scale Chemical Screen Identifies a Geroprotective Role of Gallic Acid in Premature Aging [RNA-seq],Homo sapiens,12,2021/06/25,False,Expression profiling by high throughput sequencing,"Gallic acid (GA) is a natural phenolic compound with antioxidant, anti-inflammatory, and antineoplastic  properties. Previous studies also revealed that GA supplementation inhibit the decline of rat embryonic and rejuvenate the immune function in D-gal-induced aging accelerated mice. However, the role of GA in regulating senescence of human premature aging stem cells is unknown. We have demonstrated that GA showed beneficial effects in alleviating human mesenchyme stem cell(hMSC) senescence: (1) GA alleviated senescence by promoting stem cell self-renewal ability and down-regulating the expression of aging markers, including P16 and P21, in Werner syndrome(WS) hMSCs; (2) High levels of reactive oxygen species in total cell as well as mitochondria were both rescued by GA treatment; (3) GA also maintained epigenetic features, enhanced cell stemness, and improved mitochondrial homeostasis in WS hMSCs. Our data provide substantial evidence supporting that GA is a promising candidate agent to",Werner syndrome AND RNA-seq
GSE148249,Cdkn2a loss in a model of neurofibroma demonstrates stepwise tumor progression to atypical neurofibroma and MPNST,Mus musculus,20,2020/12/23,False,Expression profiling by high throughput sequencing,"Plexiform neurofibromas (PN) are benign nerve sheath Schwann cell tumors, common in patients with neurofibromatosis type 1 (NF1), that are characterized by biallelic mutations in the NF1 tumor suppressor gene. Atypical neurofibromas (ANF) show additional frequent loss of CDKN2A/Ink4a/Arf and may be precursor lesions of aggressive malignant peripheral nerve sheath tumors (MPNST). We combined loss of Nf1 in developing",neurofibromatosis AND transcriptome
GSE157987,Brain pathology and cerebellar Purkinje cell loss in a mouse model of chronic neuronopathic Gaucher disease [whole brain],Mus musculus,17,2020/11/08,False,Expression profiling by high throughput sequencing,"Gaucher disease (GD) is currently the focus of considerable attention due primarily to the association between the gene that causes GD (GBA) and Parkinson’s disease. Mouse models exist for the systemic (type 1) and for the acute neuronopathic forms (type 2) of GD. Here we report the generation of a mouse that phenotypically models chronic neuronopathic type 3 GD. Gba-/-;Gbatg mice, which contain a Gba transgene regulated by doxycycline, accumulate moderate levels of the offending substrate in GD, glucosylceramide, and live for up to 10 months, i.e. significantly longer than mice which model type 2 GD. Gba-/-;Gbatg mice display behavioral abnormalities at ~4 months, which deteriorate with age, along with significant neuropathology including loss of Purkinje neurons. Gene expression is altered in the brain and in isolated microglia, although the changes in gene expression are less extensive than in mice modeling type 2 disease. Finally, bone deformities are consistent with the Gba-/-;Gbatg mice being a genuine type 3 GD model. Together, the Gba-/-;Gbatg mice share pathological pathways with acute neuronopathic GD mice but also display differences that might help understand the distinct disease course and progression of type 2 and 3 patients.",Gaucher disease AND gene expression
GSE157991,Brain pathology and cerebellar Purkinje cell loss in a mouse model of chronic neuronopathic Gaucher disease [microglia],Mus musculus,18,2020/11/08,False,Expression profiling by high throughput sequencing,"Gaucher disease (GD) is currently the focus of considerable attention due primarily to the association between the gene that causes GD (GBA) and Parkinson’s disease. Mouse models exist for the systemic (type 1) and for the acute neuronopathic forms (type 2) of GD. Here we report the generation of a mouse that phenotypically models chronic neuronopathic type 3 GD. Gba-/-;Gbatg mice, which contain a Gba transgene regulated by doxycycline, accumulate moderate levels of the offending substrate in GD, glucosylceramide, and live for up to 10 months, i.e. significantly longer than mice which model type 2 GD. Gba-/-;Gbatg mice display behavioral abnormalities at ~4 months, which deteriorate with age, along with significant neuropathology including loss of Purkinje neurons. Gene expression is altered in the brain and in isolated microglia, although the changes in gene expression are less extensive than in mice modeling type 2 disease. Finally, bone deformities are consistent with the Gba-/-;Gbatg mice being a genuine type 3 GD model. Together, the Gba-/-;Gbatg mice share pathological pathways with acute neuronopathic GD mice but also display differences that might help understand the distinct disease course and progression of type 2 and 3 patients.",Gaucher disease AND gene expression
GSE142440,RNA-seq analysis of gene regulation by miR-34a and expression changes induced by DNA damage in zebrafish,Danio rerio,12,2019/12/21,False,Expression profiling by high throughput sequencing,"Li-Fraumeni syndrome (LFS) is a disorder due to inherited mutations in the TP53 gene resulting in an increased risk of developing several types of cancer. MicroRNA miR-34a has been implicated downstream of p53 on the basis of being a direct transcriptional target and, when over-expressed, having pro-apoptotic phenotypes in cell lines. Moreover, miR-34a has been shown to be a modifier gene in the context of LFS, since its epigenetic silencing increases the likelihood of tumour development in patients with mutant TP53. However, the in vivo consequences of miR-34 loss are still unclear. For example, mice lacking all three (a,b,c) miR-34 homologs show no detectable abnormalities in p53 responses. The relative expression of different miR-34 genes in zebrafish was studied using qRT-PCR with specific assays. The miR-34a, miR-34b and miR-34c display unique onset of developmental expression and expression levels, with miR-34a being the most abundant and constant in expression. All of the miR-34 genes also showed clear induction by p53 when DNA-damaging treatments are performed. Using CRISPR-Cas9 technology, we generated a zebrafish miR-34a deletion mutant to further investigate the roles of miR-34a on its own and its association with the p53 pathway. Predictably, a miR-34a deletion mutant demonstrated absence of miR-34a, though without miR-34b and miR-34c compensation beyond baseline expression levels. Mutants survive to adulthood, show no overt phenotypes and have normal apoptotic responses to DNA-damaging irradiation or camptothecin treatments. To further explore the effects of miR-34a, we performed gene expression profiling using RNA-seq of wild-type and miR-34a deletion mutant zebrafish embryos at 28 hpf with or without treatment with a DNA-damaging drug camptothecin. The results of this RNA-seq experiments showed that the loss of miR-34a does not strongly affect induction of genes by DNA-damage. However, the overall pattern of gene expression is significantly different as shown by Principal Component Analysis and there is a group of about 100 genes which are differentially expressed due to loss of miR-34a. The dataset we present in this submission was used to reach these conclusions.",Li-Fraumeni syndrome AND RNA-seq
GSE141361,Loss of TSC complex enhances gluconeogenesis via upregulation of Dlk1-Dio3 locus miRNAs,Mus musculus,10,2019/12/04,False,Non-coding RNA profiling by high throughput sequencing,"Loss of the tumor suppressor tuberous sclerosis complex 1 (Tsc1) in the liver promotes gluconeogenesis and glucose intolerance. We asked whether this could be attributed to aberrant expression of small RNAs. We preformed small-RNA sequencing on liver of Tsc1 knock-out mice, and found that miRNAs of the delta like homolog 1 (Dlk1) – deiodinase iodothyronine type III (Dio3) locus are upregulated in an mTORC1-dependent manner. Sustained mTORC1 signaling during development prevented CpG methylation and silencing of the Dlk1-Dio3 locus, thereby increasing miRNA transcription. Deletion of miRNAs encoded by the Dlk1-Dio3 locus reduced gluconeogenesis, glucose intolerance and fasting blood glucose levels. Thus, miRNAs contribute to the metabolic effects observed upon loss of TSC1 and hyperactivation of mTORC1 in the liver. Furthermore, we show that miRNA is a downstream effector of hyperactive mTORC1 signaling.",tuberous sclerosis AND gene expression
GSE137108,Chronic mucocutaneous candidiasis and connective tissue disorder in humans with impaired JNK1-dependent responses to IL-17A/F and TGF-β [RNA-Seq],Homo sapiens,48,2019/11/29,False,Expression profiling by high throughput sequencing,"Genetic etiologies of chronic mucocutaneous candidiasis (CMC) disrupt human IL-17A/F-dependent immunity at mucosal surfaces, whereas those of connective tissue disorders (CTD) often impair the TGF-β-dependent homeostasis of connective tissues. The signaling pathways involved are incompletely understood. We report a three-generation family with an autosomal dominant (AD) combination of CMC and a novel CTD that clinically overlaps with Ehlers-Danlos syndrome (EDS). The patients are heterozygous for a private splice-site variant of MAPK8, the gene encoding c-Jun N-terminal kinase 1 (JNK1), a component of the MAPK signaling pathway. This variant is loss-of-expression and loss-of-function in the patients’ fibroblasts, which display AD JNK1 deficiency by haploinsufficiency. These cells have impaired, but not abolished, responses to IL-17A and IL-17F. Moreover, the development of the patients’ TH17 cells was impaired ex vivo and in vitro, probably due to the involvement of JNK1 in the TGF-β-responsive pathway and further accounting for the patients’ CMC. Consistently, the patients’ fibroblasts displayed impaired JNK1- and c-Jun/ATF2-dependent induction of key extracellular matrix (ECM) components and regulators, but not of EDS-causing gene products, in response to TGF-β. Furthermore, they displayed a transcriptional pattern in response to TGF-β different from that of fibroblasts from patients with Loeys-Dietz syndrome and mutations of TGFBR2 or SMAD3, further accounting for the patients’ complex and unusual CTD phenotype. This experiment of Nature indicates that the integrity of the human JNK1-dependent MAPK signaling pathway is essential for IL-17A- and IL-17F-dependent mucocutaneous immunity to Candida, and for the TGF-β-dependent homeostasis of connective tissues.",Ehlers-Danlos syndrome AND gene expression
GSE137107,Human JNK1 haploinsufficiency: a novel genetic etiology of chronic mucocutaneous candidiasis and connective tissue disorder,Homo sapiens,16,2019/11/29,False,Expression profiling by array,"Genetic etiologies of chronic mucocutaneous candidiasis (CMC) disrupt human IL-17A/F-dependent immunity at mucosal surfaces, whereas those of connective tissue disorders (CTD) often impair the TGF-β-dependent homeostasis of connective tissues. The signaling pathways involved are incompletely understood. We report a three-generation family with an autosomal dominant (AD) combination of CMC and a novel CTD that clinically overlaps with Ehlers-Danlos syndrome (EDS). The patients are heterozygous for a private splice-site variant of MAPK8, the gene encoding c-Jun N-terminal kinase 1 (JNK1), a component of the MAPK signaling pathway. This variant is loss-of-expression and loss-of-function in the patients’ fibroblasts, which display AD JNK1 deficiency by haploinsufficiency. These cells have impaired, but not abolished, responses to IL-17A and IL-17F. Moreover, the development of the patients’ TH17 cells was impaired ex vivo and in vitro, probably due to the involvement of JNK1 in the TGF-β-responsive pathway and further accounting for the patients’ CMC. Consistently, the patients’ fibroblasts displayed impaired JNK1- and c-Jun/ATF2-dependent induction of key extracellular matrix (ECM) components and regulators, but not of EDS-causing gene products, in response to TGF-β. Furthermore, they displayed a transcriptional pattern in response to TGF-β different from that of fibroblasts from patients with Loeys-Dietz syndrome and mutations of TGFBR2 or SMAD3, further accounting for the patients’ complex and unusual CTD phenotype. This experiment of Nature indicates that the integrity of the human JNK1-dependent MAPK signaling pathway is essential for IL-17A- and IL-17F-dependent mucocutaneous immunity to Candida, and for the TGF-β-dependent homeostasis of connective tissues.",Ehlers-Danlos syndrome AND gene expression
GSE137856,Transcriptional Profiling of Werner Syndrome (WS) iPSC-derived MSC and the isogenic gene-edited controls,Homo sapiens,8,2019/09/24,False,Expression profiling by high throughput sequencing,"WS iPSC (iWS780) is a WRN-null iPSC line derived from AG00780 fibroblast. This iPSC line showed normal 46,XY karyotype. iWS780 was gene-edited by CRIPSR/Cas9 to correct the WRN point mutation. Two clones (C21 & C24) were characterized and showed expression of wild-type WRN protein after gene editing. The iPSC lines (isogenic) were subsequently differentiated into mesenchymal stem cells (MSC). RNA-seq was performed on these MSC.",Werner syndrome AND RNA-seq
GSE102844,Analysis of the Effect of Fibulin-1 on Fibroblast Growth Factor 8 Signaling,Mus musculus,10,2019/08/16,False,Expression profiling by array,"We have previously shown that human fibulin-1 (FBLN1) is a binding partner of fibroblast growth factor 8 (FGF8) and affects its expression and signaling. Herein, we investigate the mechanisms by which FBLN1 affects FGF8 signaling. Fibulin-1 (Fbln1) -deficiency in mouse embryo fibroblasts (MEF) caused downregulation of Fgf8 as well as fibroblast growth factor receptors (Fgfr) 1 and 3 and several downstream genes in the Fgf8 pathway, including Six1, Eya1 and Barx1. The Fgf8-regulated putative DiGeorge syndrome gene, Tbx1, was also significantly downregulated. Fbln1-deficiency in MEFs caused upregulation of Sonic hedgehog (Shh), an established upstream regulator of Fgf8. Surprisingly, this was accompanied by downregulation of several Shh signaling pathway targets, including patched1, smoothened, Gli1 and Gli3. Analysis of Fbln1-null embryonic hindbrain and arch regions showed that Shh was upregulated in the 2nd arch but downregulated in arches 1, 3 and 4. A broader transcriptomic analysis of mouse hindbrain and arches confirmed that Fbln1 deficiency caused changes in the mitogen activated protein kinase (Mapk) and Wnt signaling pathways. Biochemical tests showed that Fbln1 binds to Shh and that its absence blocks secretion of Shh by MEFs. Based on these results, Fbln1 affects Fgf8 signaling by influencing expression of Shh and its downstream targets, including Mapk and Wnt signaling pathways. This affect may involve direct interaction of Fbln1 with Shh in a manner facilitating the production of secreted Shh.",DiGeorge syndrome AND gene expression
GSE125685,RNA-seq analysis of FACS-sorted control and Tsc2 cKO nociceptors with and without sciatic nerve crush,Mus musculus,48,2019/01/26,False,Expression profiling by high throughput sequencing,"The goals of this study are to compare the transcriptomes of control heterozygous and Tuberous sclerosis 2 (Tsc2) homozygous nociceptors 3 days after sciatic nerve injury that have been enriched by fluorescence-associated cell sorting (FACS) with the aim of identifying differences in genes associated with axon regeneration. Nav1.8-Cre transgenic mice were used to delete Tsc2 as well as express Green fluorescent protein from the Rosa26 locus. Tsc2 deletion constitutively activates mTORC1 signaling cell autonomously. Dissociated dorsal root ganglia from adult mice were FACS-sorted for GFP and analyzed by RNA-seq. We find that the expression of a number of regeneration-associated transcription factors including cJun, Atf3, Sox11 and other are upregulated in Tsc2 mutant neurons in the absence of an injury. Additionally, the target genes of several other normally expressed regeneration-associated transcription factors are differentially expressed in Tsc2 mutant neurons, such as Creb1 and Klf’s. We conclude Tsc2 deletion and consequent mTORC1 activation establishes a pro-regenerative gene expression profile in nociceptors in the absence of an injury.",tuberous sclerosis AND gene expression
GSE62019,Gene expression analysis in human focal cortical dysplasia and tuberous sclerosis,Homo sapiens,11,2015/06/01,False,Expression profiling by array,"Focal cortical dysplasia (FCD), a focal brain malformation, is the most common cause of intractable epilepsy. One of the related disorders is tuberous sclerosis (TS). The dysplasia appears to result from a defect in cortical development, however, this disorder is heterogeneous, and FCD seizure therapy is non-specific and failure-prone. As a final recourse, patients may undergo multiple surgical resections to control seizures. Thus, there is a clinical need to characterize this disorder with respect to structural, molecular, and electrophysiological profiles, which will lead to development of animal models and pilot therapies that we will then apply to humans.",tuberous sclerosis AND gene expression
GSE47781,ENU mutagenesis derived Ednray129F-/- mice as a new model for human velocardiofacial syndrome/DiGeorg syndrome (VCFS/DGS),Mus musculus,24,2014/05/02,False,Expression profiling by array,"Human velocardiofacial syndrom/DiGeorg (VCFS/DGS) syndrom is a complex developmental disease with various expression of a large number of phenotypes. Craniofacial, cardiac, behavioural and endocrinological phenotypes are cardinal symptoms liked to the 22Q11.2 deletion occuring in 1/4.000 births. Several genes located within the 1.5 to 3 Mb deletion resemble a number of phenotypes demonstrated in mouse models for these genes including the endothelin receptor A (Ednra) gene. This is the first report on gene dosage effects observed in a dominant mouse model carrying an EdnraY129F point-mutation. EdnraY129F/+ mice are viable despite a strong cardiac phenotype alike to Fallot's tetralogy concomitant with cardiofacial, otolaryngeal phenotypes and deafness.",DiGeorge syndrome AND gene expression
GSE42139,Generation of organized anterior foregut epithelia from pluripotent stem cells using small molecules,Mus musculus,9,2013/04/15,False,Expression profiling by array,"Anterior foregut endoderm (AFE) gives rise to many tissue types of interest for therapeutic research including the esophagus, salivary glands, lung, thymus, parathyroid and thyroid. Despite its importance, only few reports describe the generation of AFE from pluripotent stem cells (PSCs) by directed differentiation. Here, we describe a novel protocol to derive a subdomain of AFE, identified by expression of Pax9, from PSCs using small molecules and chemically defined conditions. Generation of a reporter PSC line allows isolation and characterization of Pax9+ AFE cells. When transplanted in vivo, Pax9+ AFE can form several distinct types of complex anterior foregut epithelia including mucosal glands and stratified squamous epithelium. Finally, we show that the directed differentiation protocol can be used to generate AFE from DiGeorge Syndrome patient-specific human induced PSCs, thus creating a platform to produce anterior foregut derivatives for therapy and to enable the study of disorders of the AFE.",DiGeorge syndrome AND gene expression
GSE21899,Global Gene Expression Profiles in Cultured Skin Fibroblasts Derived from Patients with Gaucher Disease,Homo sapiens,14,2010/05/20,False,Expression profiling by array,"This work presents the discovery of genes that are dysregulated in patients with Type I and Type III Gaucher Disease. It provides insight into the unique pathogenesis of these phenotypes, improved diagnostic accuracy and potential novel therapies for these patients.",Gaucher disease AND gene expression
GPL6246,[MoGene-1_0-st] Affymetrix Mouse Gene 1.0 ST Array [transcript (gene) version],Mus musculus,30634,2007/12/05,False,,"Affymetrix submissions are typically submitted to GEO using the GEOarchive method described at http://www.ncbi.nlm.nih.gov/projects/geo/info/geo_affy.html June 03, 2009: annotation table updated with netaffx build 28 June 07, 2012: annotation table updated with netaffx build 32 July 01, 2016: annotation table updated with netaffx build 35 Protocol: See manufacturer's web site",Gaucher disease AND gene expression
GPL570,[HG-U133_Plus_2] Affymetrix Human Genome U133 Plus 2.0 Array,Homo sapiens,176371,2003/11/07,False,,"Affymetrix submissions are typically submitted to GEO using the GEOarchive method described at http://www.ncbi.nlm.nih.gov/projects/geo/info/geo_affy.html June 03, 2009: annotation table updated with netaffx build 28 June 06, 2012: annotation table updated with netaffx build 32 June 23, 2016: annotation table updated with netaffx build 35 Protocol: see manufacturer's web site Complete coverage of the Human Genome U133 Set plus 6,500 additional genes for analysis of over 47,000 transcripts All probe sets represented on the GeneChip Human Genome U133 Set are identically replicated on the GeneChip Human Genome U133 Plus 2.0 Array. The sequences from which these probe sets were derived were selected from GenBank®, dbEST, and RefSeq. The sequence clusters were created from the UniGene database (Build 133, April 20, 2001) and then refined by analysis and comparison with a number of other publicly available databases, including the Washington University EST trace repository and the University of California, Santa Cruz Golden-Path human genome database (April 2001 release). In addition, there are 9,921 new probe sets representing approximately 6,500 new genes. These gene sequences were selected from GenBank, dbEST, and RefSeq. Sequence clusters were created from the UniGene database (Build 159, January 25, 2003) and refined by analysis and comparison with a number of other publicly available databases, including the Washington University EST trace repository and the NCBI human genome assembly (Build 31).",progeria AND transcriptome
GPL96,[HG-U133A] Affymetrix Human Genome U133A Array,Homo sapiens,42505,2002/03/11,False,,"Affymetrix submissions are typically submitted to GEO using the GEOarchive method described at http://www.ncbi.nlm.nih.gov/projects/geo/info/geo_affy.html June 03, 2009: annotation table updated with netaffx build 28 June 08, 2012: annotation table updated with netaffx build 32 June 24, 2016: annotation table updated with netaffx build 35 Protocol: see manufacturer's web site The U133 set includes 2 arrays with a total of 44928 entries and was indexed 29-Jan-2002. The set includes over 1,000,000 unique oligonucleotide features covering more than 39,000 transcript variants, which in turn represent greater than 33,000 of the best characterized human genes. Sequences were selected from GenBank, dbEST, and RefSeq. Sequence clusters were created from Build 133 of UniGene (April 20, 2001) and refined by analysis and comparison with a number of other publicly available databases including the Washington University EST trace repository and the University of California, Santa Cruz golden-path human genome database (April 2001 release). In addition, ESTs were analyzed for untrimmed low-quality sequence information, correct orientation, false priming, false clustering, alternative splicing and alternative polyadenylation.",progeria AND transcriptome
GPL81,[MG_U74Av2] Affymetrix Murine Genome U74A Version 2 Array,Mus musculus,6909,2002/03/11,False,,"Affymetrix submissions are typically submitted to GEO using the GEOarchive method described at http://www.ncbi.nlm.nih.gov/projects/geo/info/geo_affy.html June 03, 2009: annotation table updated with netaffx build 28 June 07, 2012: annotation table updated with netaffx build 32 June 24, 2016: annotation table updated with netaffx build 35 Protocol: see manufacturer's web site The MG-U74 set includes 3 arrays with a total of 36899 entries and was indexed 29-Jan-2002. The set represents ~36,000 full length genes and EST clusters derived from sequence clusters in Build 74 of the Mouse Unigene Database. MG-U74A represents all sequences (~6,000) in the Mouse UniGene database (Build 74) that have been functionally characterized, as well as ~6,000 EST clusters.",Marfan syndrome AND transcriptome
